id_alquiler,id_cliente,vehiculo,marca,tipo_vehiculo,anio_vehiculo,ciudad,dias_alquiler,monto_alquiler,kilometros,mantenimiento,accidente,costo_total
1,1326,V001,Toyota,Suv,2017,Arequipa,21,721.08,1699.0,1491.48,SI,2212.56
2,1219,V002,Hyundai,Pickup,2019,Cusco,1,5562.03,833.0,1012.8,SI,6574.83
3,1007,V003,Kia,Van,2014,Arequipa,30,4002.68,100.0,1237.51,SI,5240.19
4,1165,V003,Toyota,Sedan,2012,Lima,24,946.66,2115.0,1025.9,NO,1972.56
5,1306,V002,Hyundai,Pickup,2017,Cusco,24,128.39,2555.0,1769.48,SI,1897.87
6,1193,V003,Hyundai,Van,2014,Trujillo,15,4521.94,674.0,962.07,NO,5484.009999999999
8,1327,V004,Toyota,Suv,2014,Lima,12,2482.97,1188.0,100.41,NO,2583.3799999999997
9,1114,V004,Desconocido,Sedan,2024,Trujillo,16,2721.91,1624.0,198.87,SI,2920.7799999999997
10,1019,V001,Kia,Sedan,2020,Lima,8,2595.25,545.0,1051.46,NO,3646.71
11,1159,V001,Kia,Desconocido,2014,Arequipa,7,5461.83,1999.0,274.01,NO,5735.84
12,1330,V004,Kia,Suv,2017,Trujillo,5,3780.25,2439.0,1340.94,NO,5121.1900000000005
13,1055,V001,Toyota,Sedan,2011,Trujillo,25,0.0,0.0,1109.61,SI,1109.61
14,1091,V001,Kia,Sedan,2012,Desconocido,24,5933.0,179.0,75.2,SI,6008.2
15,1073,V001,Hyundai,Sedan,2012,Arequipa,21,1672.35,1900.0,469.93,SI,2142.2799999999997
16,1224,V002,Toyota,Van,2021,Cusco,6,818.24,1875.0,438.02,NO,1256.26
17,1305,V001,Hyundai,Suv,2023,Desconocido,30,1408.53,120.0,101.48,NO,1510.01
18,1181,V001,Kia,Suv,2014,Lima,24,5038.45,1491.0,1005.77,SI,6044.219999999999
19,1329,V002,Toyota,Pickup,2011,Cusco,21,1457.75,1783.0,1358.25,SI,2816.0
20,1008,V001,Toyota,Sedan,2022,Lima,15,5063.13,2746.0,289.33,NO,5352.46
21,1158,V004,Toyota,Van,2025,Trujillo,23,2390.08,1416.0,1109.79,NO,3499.87
22,1207,V002,Kia,Van,2014,Lima,26,3047.74,1236.0,706.56,NO,3754.2999999999997
23,1270,V004,Hyundai,Sedan,2021,Lima,4,3305.82,211.0,654.03,SI,3959.8500000000004
24,1348,V001,Hyundai,Van,2019,Lima,27,3213.45,2871.0,344.22,SI,3557.67
25,1104,V004,Hyundai,Suv,2024,Cusco,21,5318.59,933.0,1485.83,SI,6804.42
26,1186,V002,Hyundai,Van,2015,Trujillo,10,2996.69,2201.0,653.62,SI,3650.31
27,1202,V001,Kia,Suv,2015,Arequipa,6,1305.97,2459.0,310.8,NO,1616.77
28,1022,V002,Toyota,Suv,2017,Lima,22,2689.03,1310.0,1275.13,NO,3964.1600000000003
29,1131,V004,Kia,Sedan,2019,Cusco,16,2640.93,2484.0,851.3,NO,3492.2299999999996
30,1219,V001,Kia,Pickup,2023,Lima,20,5421.03,109.0,1752.64,SI,7173.67
31,1355,V004,Toyota,Suv,2013,Cusco,24,0.0,1663.0,394.39,SI,394.39
32,1199,V002,Hyundai,Suv,2015,Arequipa,18,2418.62,2822.0,377.47,SI,2796.09
33,1055,V001,Kia,Van,2013,Lima,28,1318.7,1521.0,1215.68,NO,2534.38
34,1241,V004,Toyota,Desconocido,2017,Lima,16,3858.57,1614.0,549.61,SI,4408.18
35,1397,V003,Toyota,Suv,2018,Cusco,10,5106.79,819.0,75.76,NO,5182.55
36,1210,V001,Kia,Suv,2010,Cusco,24,1328.38,0.0,164.8,NO,1493.18
37,1207,V002,Toyota,Sedan,2011,Arequipa,13,5909.98,2983.0,445.75,SI,6355.73
38,1030,V002,Hyundai,Suv,2010,Trujillo,11,1291.36,2801.0,636.94,NO,1928.3
39,1060,V002,Toyota,Suv,2023,Cusco,5,2543.54,1348.0,804.26,SI,3347.8
40,1300,V001,Toyota,Sedan,2022,Lima,29,4941.29,2934.0,1628.71,SI,6570.0
41,1343,V004,Kia,Suv,2017,Cusco,8,3520.44,2699.0,1672.22,NO,5192.66
42,1226,V002,Kia,Suv,2022,Lima,14,918.64,615.0,920.61,NO,1839.25
43,1031,V004,Kia,Sedan,2024,Trujillo,20,1480.5,1600.0,1669.85,SI,3150.35
44,1210,V002,Hyundai,Suv,2010,Cusco,5,4950.67,2225.0,1113.76,SI,6064.43
45,1108,V004,Toyota,Sedan,2020,Trujillo,25,5467.36,1798.0,473.28,SI,5940.639999999999
46,1389,V002,Toyota,Pickup,2010,Trujillo,9,2153.14,931.0,1006.8,NO,3159.9399999999996
47,1080,V002,Toyota,Van,2011,Lima,2,294.98,2717.0,1339.32,SI,1634.3
48,1193,V002,Hyundai,Sedan,2018,Lima,23,3442.22,67.0,1455.73,SI,4897.95
49,1391,DESCONOCIDOO,Toyota,Desconocido,2020,Cusco,13,0.0,0.0,306.93,SI,306.93
50,1220,V004,Kia,Suv,2011,Lima,22,5886.59,954.0,1464.36,SI,7350.95
51,1297,DESCONOCIDOO,Hyundai,Sedan,2013,Arequipa,17,3393.25,748.0,569.43,NO,3962.68
52,1099,V002,Toyota,Suv,2023,Trujillo,2,4755.67,1231.0,600.63,NO,5356.3
53,1095,V002,Hyundai,Sedan,2019,Trujillo,28,4105.37,902.0,1450.85,SI,5556.219999999999
54,1235,V001,Kia,Desconocido,2019,Cusco,29,3391.62,1734.0,27.37,SI,3418.99
55,1216,V003,Kia,Sedan,2021,Lima,21,973.58,220.0,494.53,SI,1468.1100000000001
56,1239,V001,Hyundai,Suv,2022,Lima,9,4989.0,1711.0,1385.72,NO,6374.72
57,1117,V002,Toyota,Suv,2010,Trujillo,30,4264.51,2563.0,1097.75,SI,5362.26
58,1110,V001,Hyundai,Van,2025,Trujillo,14,2889.57,2166.0,647.38,SI,3536.9500000000003
59,1153,V001,Toyota,Sedan,2012,Trujillo,1,2001.92,2659.0,248.29,SI,2250.21
60,1211,V001,Hyundai,Suv,2010,Lima,17,1788.37,2425.0,1549.84,SI,3338.21
61,1186,V004,Hyundai,Suv,2021,Cusco,8,2405.17,1109.0,1431.01,NO,3836.1800000000003
62,1098,V002,Toyota,Van,2010,Arequipa,13,744.94,0.0,1674.53,NO,2419.4700000000003
63,1326,V001,Hyundai,Van,2023,Lima,5,3612.36,928.0,696.36,NO,4308.72
64,1057,V001,Hyundai,Sedan,2023,Arequipa,4,5824.93,578.0,1414.02,SI,7238.950000000001
65,1057,V001,Toyota,Van,2014,Lima,25,3194.49,227.0,52.69,NO,3247.18
66,1083,V002,Hyundai,Suv,2011,Arequipa,25,456.0,262.0,957.19,SI,1413.19
67,1036,V002,Hyundai,Suv,2021,Desconocido,16,5959.82,149.0,940.47,SI,6900.29
68,1357,V002,Kia,Suv,2018,Lima,16,2156.98,52.0,1622.64,SI,3779.62
69,1236,V003,Toyota,Sedan,2014,Lima,30,4706.01,1845.0,867.19,SI,5573.200000000001
70,1063,V001,Kia,Pickup,2023,Cusco,27,3974.48,1584.0,255.18,NO,4229.66
71,1202,DESCONOCIDOO,Toyota,Sedan,2017,Trujillo,14,1475.61,2164.0,1050.27,SI,2525.88
72,1384,V004,Toyota,Sedan,2014,Lima,15,933.43,388.0,633.88,NO,1567.31
73,1001,V003,Toyota,Van,2023,Lima,21,5457.52,2818.0,1595.53,NO,7053.05
74,1072,V001,Toyota,Sedan,2021,Arequipa,6,4923.17,102.0,850.25,NO,5773.42
75,1057,V003,Toyota,Sedan,2013,Arequipa,13,5225.1,1417.0,1565.46,SI,6790.56
76,1034,V002,Toyota,Sedan,2011,Lima,30,1419.93,0.0,1358.49,SI,2778.42
77,1270,V004,Kia,Suv,2013,Arequipa,22,4210.28,511.0,1364.24,SI,5574.5199999999995
78,1245,V002,Hyundai,Suv,2016,Cusco,2,5293.04,86.0,121.54,SI,5414.58
79,1206,V002,Kia,Van,2017,Cusco,28,1669.25,353.0,825.23,NO,2494.48
80,1327,V001,Toyota,Suv,2018,Arequipa,27,662.31,464.0,1028.85,NO,1691.1599999999999
81,1184,V001,Kia,Suv,2019,Arequipa,18,495.98,2492.0,666.31,NO,1162.29
82,1205,V001,Hyundai,Suv,2024,Arequipa,25,5920.63,1800.0,203.33,NO,6123.96
83,1214,V004,Hyundai,Van,2025,Lima,5,2651.39,1980.0,9.11,SI,2660.5
84,1084,V001,Desconocido,Suv,2021,Trujillo,6,2483.04,2410.0,353.79,NO,2836.83
85,1338,V001,Kia,Sedan,2012,Cusco,30,796.02,476.0,856.71,NO,1652.73
86,1091,V003,Kia,Van,2012,Cusco,18,590.36,731.0,1695.04,SI,2285.4
87,1268,V002,Hyundai,Suv,2013,Arequipa,30,1207.72,2023.0,417.99,NO,1625.71
88,1218,V002,Hyundai,Suv,2019,Arequipa,14,296.5,780.0,1131.19,SI,1427.69
89,1201,V004,Hyundai,Sedan,2023,Lima,2,4028.56,2142.0,476.81,SI,4505.37
90,1250,V001,Toyota,Pickup,2013,Lima,3,1886.38,2072.0,68.35,SI,1954.73
91,1119,V004,Toyota,Suv,2011,Lima,22,2225.09,2952.0,1073.08,SI,3298.17
92,1115,V001,Hyundai,Sedan,2022,Trujillo,28,529.77,1856.0,744.24,NO,1274.01
93,1283,V002,Kia,Sedan,2019,Cusco,3,5808.56,2037.0,1457.83,SI,7266.39
94,1249,V002,Kia,Sedan,2022,Trujillo,20,5243.55,825.0,1076.46,SI,6320.01
95,1384,V004,Toyota,Suv,2022,Lima,13,5823.74,1447.0,262.39,NO,6086.13
96,1277,V003,Desconocido,Pickup,2019,Desconocido,25,4421.46,309.0,1309.78,NO,5731.24
97,1094,V002,Hyundai,Sedan,2017,Lima,16,5773.15,2349.0,386.2,SI,6159.349999999999
98,1117,V004,Hyundai,Pickup,2011,Arequipa,27,715.77,1975.0,1760.39,NO,2476.16
99,1357,V004,Toyota,Suv,2025,Lima,26,5992.68,2030.0,1242.16,SI,7234.84
100,1032,V002,Kia,Sedan,2012,Arequipa,11,5205.78,809.0,1581.23,SI,6787.01
101,1307,V004,Hyundai,Pickup,2013,Cusco,10,3733.52,1230.0,1566.45,SI,5299.97
102,1306,V001,Toyota,Van,2024,Trujillo,22,251.45,1437.0,1009.0,SI,1260.45
103,1276,V004,Toyota,Van,2021,Arequipa,19,494.05,997.0,1046.01,NO,1540.06
104,1297,V004,Kia,Suv,2016,Lima,30,4864.88,2388.0,292.85,NO,5157.7300000000005
105,1362,V002,Toyota,Sedan,2017,Trujillo,9,5145.15,438.0,605.48,NO,5750.629999999999
106,1230,V004,Kia,Van,2016,Lima,23,593.46,100.0,1714.01,SI,2307.4700000000003
107,1078,V002,Toyota,Suv,2023,Desconocido,1,1840.97,1560.0,1607.4,SI,3448.37
108,1311,V003,Hyundai,Pickup,2015,Lima,10,4743.89,2095.0,323.15,SI,5067.04
109,1303,V002,Toyota,Sedan,2017,Lima,11,4486.7,2222.0,403.08,NO,4889.78
110,1171,V002,Hyundai,Sedan,2015,Lima,22,1649.79,2737.0,1029.33,SI,2679.12
111,1124,V001,Toyota,Suv,2012,Lima,20,2350.5,2627.0,1732.67,SI,4083.17
112,1347,V001,Toyota,Suv,2017,Cusco,12,2773.42,386.0,1499.43,SI,4272.85
113,1076,V002,Toyota,Sedan,2021,Lima,27,4748.88,1960.0,1458.55,SI,6207.43
114,1045,V003,Hyundai,Sedan,2014,Trujillo,19,1202.46,2272.0,456.69,NO,1659.15
115,1007,V003,Toyota,Van,2016,Arequipa,19,3853.29,2766.0,957.19,NO,4810.48
116,1394,V004,Toyota,Suv,2025,Arequipa,7,1233.15,561.0,1149.27,NO,2382.42
117,1061,V002,Toyota,Sedan,2012,Lima,6,5052.23,1085.0,551.43,SI,5603.66
118,1196,V003,Toyota,Sedan,2010,Lima,11,1948.73,708.0,1532.11,SI,3480.84
119,1153,V001,Kia,Pickup,2014,Trujillo,4,4309.25,2241.0,583.57,SI,4892.82
120,1116,V003,Kia,Van,2025,Lima,17,3058.76,2879.0,164.26,NO,3223.0200000000004
121,1247,V001,Hyundai,Van,2020,Arequipa,9,602.48,2795.0,1049.29,SI,1651.77
122,1354,V001,Toyota,Sedan,2023,Arequipa,27,5799.61,0.0,1284.23,SI,7083.84
123,1344,V002,Hyundai,Sedan,2014,Lima,13,1335.78,2797.0,489.27,SI,1825.05
124,1317,V004,Toyota,Van,2022,Arequipa,21,2689.26,551.0,1743.16,SI,4432.42
125,1179,V002,Hyundai,Pickup,2024,Trujillo,8,1746.21,883.0,1231.34,NO,2977.55
126,1107,V001,Kia,Van,2015,Desconocido,8,5898.12,2192.0,1089.72,NO,6987.84
127,1378,V001,Kia,Sedan,2020,Cusco,30,3926.05,590.0,1055.03,NO,4981.08
128,1101,V001,Toyota,Sedan,2017,Arequipa,20,3276.89,1458.0,1226.1,SI,4502.99
129,1314,V001,Toyota,Pickup,2024,Lima,30,308.41,1384.0,1620.42,NO,1928.8300000000002
130,1357,V002,Kia,Suv,2019,Lima,24,2376.78,689.0,1122.19,NO,3498.9700000000003
131,1031,V002,Kia,Suv,2000,Arequipa,13,4330.53,2741.0,1531.83,NO,5862.36
132,1231,V003,Toyota,Pickup,2015,Lima,18,592.86,2735.0,852.79,NO,1445.65
133,1351,V001,Toyota,Sedan,2021,Arequipa,16,4134.11,25.0,1665.28,NO,5799.389999999999
134,1373,V001,Hyundai,Suv,2014,Cusco,18,3830.84,1395.0,896.64,SI,4727.4800000000005
135,1068,V002,Toyota,Pickup,2022,Lima,7,3596.36,366.0,1108.09,NO,4704.45
136,1387,V002,Kia,Suv,2019,Lima,15,865.58,2181.0,1003.23,NO,1868.81
137,1271,V004,Toyota,Van,2025,Lima,17,3232.57,1039.0,235.88,SI,3468.4500000000003
138,1207,V002,Kia,Suv,2017,Cusco,16,1419.67,2010.0,1099.39,SI,2519.0600000000004
139,1251,V002,Toyota,Suv,2017,Trujillo,27,5202.44,2984.0,623.4,SI,5825.839999999999
140,1260,DESCONOCIDOO,Desconocido,Pickup,2021,Lima,19,1139.55,1193.0,418.51,NO,1558.06
141,1105,V002,Kia,Sedan,2023,Arequipa,8,3872.89,534.0,426.38,NO,4299.2699999999995
142,1134,V001,Kia,Sedan,2023,Lima,11,1500.1,2755.0,1004.78,SI,2504.88
143,1094,V004,Kia,Desconocido,2024,Arequipa,27,1055.84,1203.0,1399.53,SI,2455.37
145,1211,V001,Kia,Van,2017,Trujillo,20,4201.67,161.0,1263.47,NO,5465.14
146,1130,V002,Hyundai,Suv,2016,Lima,28,1252.73,821.0,725.27,SI,1978.0
147,1393,V001,Toyota,Suv,2015,Trujillo,27,4426.78,2206.0,1547.17,NO,5973.95
148,1134,V002,Kia,Suv,2021,Trujillo,13,1008.3,56.0,200.54,SI,1208.84
149,1365,V003,Toyota,Sedan,2024,Cusco,1,2502.43,694.0,138.01,NO,2640.4399999999996
150,1123,V003,Kia,Sedan,2014,Lima,15,135.85,2188.0,539.5,SI,675.35
151,1242,V003,Kia,Suv,2011,Cusco,7,2314.31,127.0,778.25,SI,3092.56
152,1025,V002,Kia,Sedan,2018,Arequipa,19,622.55,2627.0,969.52,NO,1592.07
153,1145,V002,Toyota,Sedan,2014,Trujillo,13,4229.89,2748.0,48.17,SI,4278.06
154,1397,V004,Toyota,Sedan,2022,Lima,11,3922.95,268.0,1424.82,NO,5347.7699999999995
155,1263,V002,Toyota,Pickup,2011,Cusco,3,3467.18,2679.0,705.08,SI,4172.26
156,1178,V004,Hyundai,Suv,2017,Lima,5,2469.47,824.0,131.44,SI,2600.91
157,1224,V002,Kia,Suv,2013,Lima,18,5082.38,2306.0,1770.49,SI,6852.87
158,1304,V001,Hyundai,Sedan,2017,Cusco,29,4252.52,2896.0,1366.21,NO,5618.7300000000005
159,1128,V002,Hyundai,Suv,2023,Lima,23,3693.9,1074.0,175.04,SI,3868.94
160,1294,V002,Kia,Suv,2011,Arequipa,14,5090.52,0.0,330.05,NO,5420.570000000001
161,1176,V003,Toyota,Van,2018,Arequipa,25,0.0,380.0,1132.53,SI,1132.53
162,1067,V004,Hyundai,Pickup,2019,Cusco,100,1771.63,108.0,805.45,NO,2577.08
163,1123,V003,Toyota,Sedan,2016,Lima,18,1067.78,986.0,498.12,NO,1565.9
164,1353,V001,Kia,Sedan,2020,Lima,12,1313.08,1095.0,89.93,SI,1403.01
165,1317,V004,Toyota,Suv,2012,Arequipa,4,3914.47,907.0,440.3,SI,4354.7699999999995
166,1061,V004,Kia,Sedan,2024,Lima,17,4577.53,1837.0,479.51,NO,5057.04
167,1138,V002,Kia,Sedan,2016,Trujillo,24,3287.76,1423.0,1796.75,SI,5084.51
168,1121,V003,Kia,Sedan,2010,Trujillo,22,3986.75,870.0,677.8,NO,4664.55
169,1115,V002,Desconocido,Sedan,2010,Lima,19,3820.42,120.0,1180.7,SI,5001.12
170,1313,V002,Toyota,Pickup,2015,Arequipa,6,2458.84,2532.0,1156.01,SI,3614.8500000000004
171,1308,V002,Toyota,Sedan,2010,Cusco,9,2643.22,385.0,471.86,NO,3115.08
172,1235,V003,Toyota,Suv,2021,Trujillo,11,517.11,284.0,1525.54,NO,2042.65
173,1296,V003,Hyundai,Van,2023,Lima,20,3641.21,2497.0,1435.79,NO,5077.0
174,1241,V003,Toyota,Suv,2022,Lima,500,1304.36,236.0,839.93,SI,2144.29
175,1109,V001,Hyundai,Sedan,2015,Lima,18,672.55,1366.0,832.39,NO,1504.94
176,1001,V001,Toyota,Suv,2019,Arequipa,30,5212.0,1622.0,1688.39,NO,6900.39
177,1180,V004,Kia,Van,2016,Cusco,19,2354.38,2608.0,131.46,SI,2485.84
178,1314,V003,Hyundai,Pickup,2011,Cusco,5,5161.9,2562.0,1600.39,NO,6762.29
179,1344,V002,Toyota,Suv,2015,Arequipa,21,5976.35,2052.0,549.78,NO,6526.13
180,1278,V002,Kia,Suv,2018,Lima,15,2708.17,2328.0,1420.19,NO,4128.360000000001
181,1280,V001,Toyota,Sedan,2022,Lima,24,414.14,1215.0,370.21,NO,784.3499999999999
182,1186,V001,Hyundai,Sedan,2023,Trujillo,4,4394.12,1849.0,426.7,SI,4820.82
183,1349,V001,Hyundai,Van,2018,Lima,11,2212.61,634.0,1135.46,SI,3348.07
184,1074,V003,Kia,Van,2025,Arequipa,29,5775.27,2303.0,153.24,SI,5928.51
185,1089,V003,Toyota,Suv,2017,Desconocido,28,5051.75,640.0,691.33,SI,5743.08
186,1234,V001,Hyundai,Sedan,2023,Trujillo,9,2180.59,1155.0,291.23,SI,2471.82
187,1064,V001,Hyundai,Van,2020,Lima,10,5931.7,1713.0,115.6,SI,6047.3
188,1327,V002,Hyundai,Sedan,2022,Trujillo,10,4028.86,2058.0,384.49,SI,4413.35
189,1134,V001,Kia,Van,2013,Lima,2,1803.85,2781.0,740.53,NO,2544.38
190,1205,DESCONOCIDOO,Kia,Sedan,2013,Lima,10,897.77,1140.0,1185.14,NO,2082.91
191,1352,V001,Toyota,Suv,2019,Lima,29,5660.28,317.0,1142.46,NO,6802.74
192,1258,V001,Toyota,Sedan,2020,Lima,19,1168.14,1859.0,341.24,SI,1509.38
193,1064,V001,Toyota,Sedan,2023,Arequipa,27,5970.45,1657.0,1442.73,NO,7413.18
194,1075,V001,Toyota,Pickup,2022,Lima,13,3285.95,1505.0,799.69,SI,4085.64
195,1335,DESCONOCIDOO,Toyota,Van,2020,Trujillo,23,4313.91,712.0,664.63,SI,4978.54
196,1094,V001,Hyundai,Sedan,2015,Arequipa,26,4424.79,2979.0,854.87,NO,5279.66
197,1394,V002,Toyota,Sedan,2023,Lima,7,1035.64,776.0,476.73,NO,1512.3700000000001
198,1399,V004,Kia,Sedan,2021,Cusco,19,5250.16,211.0,1422.57,SI,6672.73
199,1097,V002,Toyota,Suv,2016,Trujillo,29,4856.93,1463.0,709.79,SI,5566.72
200,1148,V001,Toyota,Pickup,2024,Cusco,10,1765.43,2841.0,284.51,SI,2049.94
201,1339,V002,Kia,Van,2012,Lima,7,2271.35,2391.0,1351.25,SI,3622.6
202,1338,V002,Toyota,Suv,2025,Lima,15,2233.41,566.0,875.38,NO,3108.79
203,1081,V001,Kia,Suv,2019,Lima,29,4547.47,2231.0,1531.44,SI,6078.91
204,1156,V001,Toyota,Sedan,2024,Trujillo,27,1888.07,1878.0,373.58,SI,2261.65
205,1083,V001,Hyundai,Desconocido,2025,Trujillo,19,5520.96,108.0,600.94,SI,6121.9
206,1155,V004,Toyota,Sedan,2020,Cusco,6,4809.54,2152.0,882.68,SI,5692.22
207,1164,V002,Kia,Suv,2017,Lima,21,4363.8,2235.0,27.62,NO,4391.42
208,1250,V001,Toyota,Suv,2023,Trujillo,17,1705.78,0.0,843.7,NO,2549.48
209,1219,V001,Hyundai,Sedan,2019,Lima,8,793.13,1061.0,1061.76,SI,1854.8899999999999
210,1244,V001,Hyundai,Van,2024,Trujillo,12,5116.52,205.0,760.98,SI,5877.5
211,1249,V003,Toyota,Sedan,2021,Arequipa,5,3816.85,1961.0,1397.6,SI,5214.45
212,1271,V001,Hyundai,Van,2024,Trujillo,24,4792.16,1006.0,4.15,SI,4796.3099999999995
213,1038,V001,Kia,Suv,2010,Lima,6,2098.45,297.0,1344.09,SI,3442.54
214,1060,V002,Kia,Van,2024,Lima,22,5322.82,2366.0,1104.39,SI,6427.21
215,1145,V002,Kia,Van,2024,Lima,21,5888.71,146.0,765.23,SI,6653.9400000000005
216,1184,V003,Kia,Sedan,2016,Arequipa,3,5348.38,2759.0,138.7,NO,5487.08
217,1263,V002,Toyota,Suv,2025,Lima,9,690.84,117.0,1249.95,NO,1940.79
218,1191,V001,Toyota,Pickup,2014,Cusco,22,4473.64,1826.0,403.94,NO,4877.58
219,1311,V002,Kia,Van,2014,Cusco,2,5105.82,0.0,1240.45,SI,6346.2699999999995
220,1127,V001,Hyundai,Suv,2023,Lima,14,2171.47,1057.0,1280.11,SI,3451.58
221,1063,V004,Hyundai,Suv,2016,Lima,5,3341.88,1949.0,499.18,SI,3841.06
222,1164,V002,Hyundai,Van,2010,Lima,1,3120.57,165.0,1272.69,SI,4393.26
223,1087,V001,Kia,Sedan,2015,Lima,20,3954.73,377.0,129.03,SI,4083.76
224,1113,V001,Kia,Sedan,2023,Lima,22,1774.71,965.0,1035.87,NO,2810.58
225,1122,V004,Hyundai,Suv,2017,Lima,8,856.72,120.0,23.44,SI,880.1600000000001
226,1070,V001,Toyota,Sedan,2015,Cusco,25,3121.29,983.0,1731.23,NO,4852.52
227,1367,V002,Kia,Van,2012,Cusco,10,4037.63,650.0,1142.93,NO,5180.56
228,1156,V002,Toyota,Van,2023,Cusco,29,5574.73,2166.0,186.55,SI,5761.28
229,1297,V001,Hyundai,Suv,2025,Cusco,24,1968.81,1950.0,602.09,NO,2570.9
230,1244,V003,Hyundai,Sedan,2018,Arequipa,21,1202.89,579.0,1479.96,NO,2682.8500000000004
231,1326,V004,Toyota,Suv,2022,Trujillo,30,1922.03,0.0,1212.15,SI,3134.1800000000003
232,1024,V001,Hyundai,Suv,2012,Cusco,16,3270.23,179.0,48.84,SI,3319.07
233,1125,V002,Hyundai,Sedan,2025,Lima,20,506.47,2064.0,1283.5,SI,1789.97
234,1031,V002,Kia,Suv,2019,Lima,25,2090.95,2510.0,1386.93,NO,3477.88
235,1289,V002,Kia,Van,2024,Cusco,13,2082.85,1614.0,732.37,SI,2815.22
236,1005,V004,Toyota,Suv,2014,Trujillo,10,2741.19,500.0,1045.36,NO,3786.55
237,1208,V001,Kia,Suv,2021,Lima,18,2644.37,1887.0,554.54,SI,3198.91
238,1115,DESCONOCIDOO,Kia,Suv,2010,Trujillo,17,5867.79,98.0,1192.57,SI,7060.36
239,1080,V002,Toyota,Suv,2013,Lima,23,1559.47,599.0,436.41,NO,1995.88
240,1190,V004,Toyota,Sedan,2010,Lima,28,3771.97,2798.0,1785.45,SI,5557.42
241,1394,V004,Hyundai,Pickup,2018,Arequipa,18,3132.23,1437.0,1006.65,NO,4138.88
242,1244,V002,Hyundai,Van,2016,Trujillo,20,236.23,2715.0,928.51,NO,1164.74
243,1248,V004,Toyota,Pickup,2025,Cusco,6,2218.22,1725.0,410.24,NO,2628.46
244,1035,V001,Hyundai,Suv,2019,Cusco,12,3406.28,360.0,449.82,NO,3856.1000000000004
245,1050,V004,Hyundai,Sedan,2015,Trujillo,17,755.29,0.0,98.37,SI,853.66
246,1033,V001,Hyundai,Sedan,2023,Lima,9,4374.17,2490.0,973.59,NO,5347.76
247,1384,V002,Desconocido,Pickup,2017,Lima,19,641.93,1330.0,1059.03,SI,1700.96
248,1136,V001,Hyundai,Van,2025,Lima,29,4623.4,2099.0,179.57,SI,4802.969999999999
249,1377,V004,Kia,Sedan,2013,Arequipa,26,1844.31,2490.0,396.43,NO,2240.74
250,1189,V001,Kia,Pickup,2018,Trujillo,25,3544.01,1079.0,1378.34,SI,4922.35
251,1255,V001,Hyundai,Pickup,2011,Cusco,20,1920.84,1133.0,642.46,SI,2563.3
252,1300,V001,Toyota,Van,2013,Trujillo,16,3813.88,261.0,274.56,NO,4088.44
253,1347,V004,Hyundai,Sedan,2024,Arequipa,21,3933.4,2410.0,45.74,SI,3979.14
254,1189,V003,Kia,Suv,2016,Lima,29,5498.67,479.0,998.76,NO,6497.43
255,1184,V002,Kia,Sedan,2010,Trujillo,29,2473.71,2895.0,282.54,SI,2756.25
256,1376,V002,Hyundai,Pickup,2013,Trujillo,25,4749.5,2409.0,1379.97,NO,6129.47
257,1017,V001,Toyota,Pickup,2015,Lima,17,1286.87,151.0,1550.56,SI,2837.43
258,1089,V001,Toyota,Pickup,2023,Trujillo,28,4835.2,1848.0,1172.98,SI,6008.18
259,1313,V004,Toyota,Sedan,2015,Trujillo,12,666.71,804.0,731.79,SI,1398.5
260,1092,V004,Hyundai,Sedan,2019,Trujillo,999,2489.7,2996.0,1258.95,NO,3748.6499999999996
261,1122,V002,Hyundai,Sedan,2020,Lima,20,2280.4,165.0,714.49,SI,2994.8900000000003
262,1189,V002,Kia,Sedan,2010,Cusco,9,4468.71,1180.0,1011.72,SI,5480.43
263,1270,V003,Toyota,Suv,2023,Lima,24,4503.45,2951.0,1473.86,SI,5977.3099999999995
264,1241,V004,Toyota,Van,2011,Arequipa,8,3306.15,827.0,1616.61,NO,4922.76
265,1170,V001,Hyundai,Van,2024,Arequipa,21,5531.82,1837.0,1511.14,NO,7042.96
266,1113,V002,Kia,Suv,2024,Lima,19,2151.66,274.0,971.68,SI,3123.3399999999997
267,1180,V001,Hyundai,Sedan,2016,Lima,16,3991.38,2096.0,1465.77,SI,5457.15
268,1329,V001,Toyota,Sedan,2025,Lima,14,2019.24,2136.0,390.82,NO,2410.06
269,1302,V003,Kia,Van,2015,Trujillo,17,749.49,1012.0,1515.98,SI,2265.4700000000003
270,1399,V002,Toyota,Suv,2022,Arequipa,25,2472.19,2763.0,311.86,SI,2784.05
271,1285,V002,Toyota,Sedan,2020,Trujillo,19,315.12,2560.0,1780.42,NO,2095.54
272,1086,V001,Toyota,Van,2025,Lima,18,5021.36,2049.0,1671.15,NO,6692.51
273,1248,V004,Kia,Pickup,2015,Trujillo,4,4857.26,45.0,617.48,NO,5474.74
274,1080,V001,Toyota,Suv,2015,Lima,20,466.48,1376.0,316.32,NO,782.8
275,1254,V003,Kia,Sedan,2018,Arequipa,8,466.54,2327.0,432.89,SI,899.4300000000001
276,1381,V002,Kia,Sedan,2012,Desconocido,11,5435.53,915.0,1543.16,NO,6978.69
277,1375,V001,Kia,Sedan,2020,Trujillo,16,5109.3,945.0,795.43,NO,5904.7300000000005
278,1032,V001,Toyota,Pickup,2014,Cusco,25,728.21,2660.0,339.57,SI,1067.78
279,1352,V002,Hyundai,Pickup,2014,Cusco,18,4660.69,2654.0,1457.35,SI,6118.039999999999
280,1349,V002,Desconocido,Sedan,2020,Trujillo,2,3140.18,658.0,818.77,SI,3958.95
281,1272,V002,Toyota,Sedan,2019,Trujillo,11,2177.76,2247.0,1595.21,SI,3772.9700000000003
282,1191,V003,Kia,Suv,2011,Lima,30,4180.62,1398.0,1602.63,NO,5783.25
283,1059,V002,Toyota,Van,2017,Lima,3,3697.47,892.0,1395.68,SI,5093.15
284,1186,V003,Hyundai,Van,2022,Cusco,26,795.19,1774.0,987.58,SI,1782.77
285,1303,V002,Kia,Sedan,2021,Lima,21,5236.26,2191.0,1775.66,SI,7011.92
286,1040,V002,Kia,Sedan,2023,Cusco,13,889.24,1392.0,101.69,NO,990.9300000000001
287,1286,V001,Hyundai,Sedan,2011,Trujillo,20,3512.1,804.0,1492.19,NO,5004.29
288,1081,V004,Hyundai,Van,2023,Arequipa,13,2535.4,946.0,203.06,NO,2738.46
289,1103,V001,Hyundai,Sedan,2010,Cusco,20,4306.29,2255.0,193.6,SI,4499.89
290,1273,V004,Kia,Suv,2011,Lima,16,5713.59,2821.0,729.77,SI,6443.360000000001
291,1229,V004,Hyundai,Suv,2016,Cusco,21,3638.0,2114.0,640.75,NO,4278.75
292,1024,V001,Hyundai,Suv,2021,Lima,16,968.2,760.0,1009.64,SI,1977.8400000000001
293,1052,V001,Kia,Sedan,2013,Arequipa,27,4717.48,2767.0,667.09,SI,5384.57
294,1306,V001,Kia,Sedan,2024,Arequipa,8,2027.96,1494.0,203.58,SI,2231.54
295,1127,V002,Hyundai,Desconocido,2013,Desconocido,23,2807.5,509.0,725.12,NO,3532.62
296,1017,V002,Toyota,Desconocido,2019,Desconocido,4,1968.72,0.0,966.27,SI,2934.99
297,1308,V003,Toyota,Sedan,2012,Arequipa,10,627.82,65.0,813.9,SI,1441.72
298,1152,V002,Toyota,Suv,2018,Lima,16,2129.72,2706.0,639.2,SI,2768.92
299,1067,V003,Toyota,Pickup,2020,Lima,29,3417.47,2202.0,420.57,SI,3838.04
300,1236,V003,Hyundai,Pickup,2016,Lima,28,2175.67,1447.0,1181.56,SI,3357.23
301,1379,V002,Hyundai,Sedan,2015,Lima,16,3174.26,1259.0,1640.31,SI,4814.57
302,1270,V001,Hyundai,Suv,2014,Lima,1,1309.3,339.0,1572.99,NO,2882.29
303,1011,V004,Toyota,Van,2022,Lima,5,4885.74,668.0,823.77,SI,5709.51
304,1017,V001,Kia,Pickup,2018,Cusco,12,4925.5,251.0,469.67,SI,5395.17
305,1211,V002,Hyundai,Sedan,2011,Trujillo,7,3615.24,12.0,193.47,NO,3808.7099999999996
306,1367,V004,Toyota,Suv,2021,Arequipa,28,2756.71,2042.0,72.24,SI,2828.95
307,1039,V002,Toyota,Suv,2012,Cusco,14,4700.91,2849.0,506.76,NO,5207.67
308,1207,V003,Kia,Pickup,2019,Trujillo,12,424.28,407.0,531.6,SI,955.88
309,1162,V003,Hyundai,Sedan,2011,Lima,18,5877.43,1514.0,944.3,NO,6821.7300000000005
310,1124,DESCONOCIDOO,Toyota,Desconocido,2023,Arequipa,17,2936.56,458.0,137.76,NO,3074.3199999999997
311,1284,V004,Toyota,Suv,2010,Arequipa,1,5688.05,2387.0,714.27,NO,6402.32
312,1258,V002,Hyundai,Suv,2017,Cusco,26,5388.18,1282.0,852.3,SI,6240.4800000000005
313,1215,DESCONOCIDOO,Kia,Sedan,2011,Arequipa,21,3167.23,2562.0,453.13,NO,3620.36
314,1266,V003,Hyundai,Suv,2024,Cusco,9,0.0,2640.0,1093.42,NO,1093.42
315,1115,V001,Kia,Suv,2021,Arequipa,2,1044.05,492.0,642.5,SI,1686.55
316,1359,V002,Kia,Sedan,2011,Lima,16,3419.24,2182.0,1753.58,NO,5172.82
317,1292,V003,Kia,Suv,2024,Lima,24,4801.74,2321.0,969.73,SI,5771.469999999999
318,1357,V004,Toyota,Suv,2017,Cusco,12,5383.51,418.0,1718.37,NO,7101.88
319,1229,V002,Hyundai,Pickup,2025,Lima,18,2094.04,2923.0,1743.92,NO,3837.96
320,1249,V002,Kia,Suv,2017,Lima,2,1200.56,412.0,277.17,NO,1477.73
321,1081,V004,Toyota,Van,2018,Lima,15,5130.62,1829.0,557.61,SI,5688.23
322,1305,V004,Toyota,Suv,2019,Trujillo,7,566.41,2586.0,892.2,SI,1458.6100000000001
323,1109,V002,Toyota,Pickup,2023,Arequipa,29,2160.91,1952.0,515.59,SI,2676.5
324,1187,V001,Toyota,Suv,2012,Lima,19,247.91,40.0,166.91,NO,414.82
325,1320,V001,Kia,Sedan,2010,Lima,5,2436.19,537.0,955.25,NO,3391.44
326,1183,V002,Kia,Sedan,2019,Trujillo,5,5219.92,2218.0,538.05,NO,5757.97
327,1090,V004,Hyundai,Sedan,2021,Arequipa,14,4317.96,1800.0,1632.01,SI,5949.97
328,1088,V003,Kia,Suv,2016,Arequipa,20,2716.34,2871.0,1070.4,SI,3786.7400000000002
329,1345,V001,Hyundai,Suv,2023,Arequipa,15,2301.0,2826.0,247.58,NO,2548.58
330,1160,V001,Kia,Van,2013,Cusco,1,3486.78,2152.0,1412.09,NO,4898.87
331,1273,V001,Hyundai,Pickup,2019,Lima,22,4232.87,36.0,1732.7,NO,5965.57
332,1021,V001,Kia,Suv,2022,Trujillo,30,1773.68,1994.0,182.22,NO,1955.9
333,1315,V001,Toyota,Suv,2020,Lima,9,3123.66,1870.0,925.01,SI,4048.67
334,1206,V001,Toyota,Suv,2015,Cusco,5,3115.5,1869.0,119.43,SI,3234.93
335,1211,V001,Desconocido,Suv,2012,Cusco,3,2123.92,169.0,915.02,SI,3038.94
336,1053,V002,Toyota,Suv,2021,Lima,12,4878.4,2059.0,158.9,SI,5037.299999999999
337,1162,V002,Kia,Van,2018,Lima,19,1386.42,714.0,696.99,SI,2083.41
338,1241,V004,Kia,Sedan,2025,Arequipa,16,1476.54,1075.0,544.45,NO,2020.99
339,1089,V004,Toyota,Suv,2021,Arequipa,15,4117.77,956.0,914.7,NO,5032.47
340,1278,V003,Toyota,Pickup,2017,Lima,10,4013.3,1673.0,905.62,SI,4918.92
341,1100,DESCONOCIDOO,Kia,Sedan,2022,Lima,15,2936.42,2866.0,1300.11,SI,4236.53
342,1198,V003,Kia,Pickup,2010,Lima,5,0.0,441.0,246.1,NO,246.1
343,1030,V002,Kia,Suv,2015,Trujillo,27,242.74,1646.0,361.12,SI,603.86
344,1032,DESCONOCIDOO,Kia,Sedan,2012,Trujillo,26,5346.34,2178.0,1424.66,NO,6771.0
345,1288,V002,Hyundai,Sedan,2012,Arequipa,8,347.05,362.0,1769.73,NO,2116.78
346,1207,V004,Kia,Pickup,2021,Lima,10,485.58,528.0,1217.18,NO,1702.76
347,1123,V002,Toyota,Suv,2023,Lima,22,5736.37,2607.0,784.13,SI,6520.5
348,1301,V004,Toyota,Sedan,2015,Arequipa,2,728.83,220.0,560.35,NO,1289.18
349,1216,DESCONOCIDOO,Kia,Suv,2012,Lima,5,591.65,855.0,999.19,SI,1590.8400000000001
350,1320,V001,Kia,Sedan,2013,Arequipa,4,3190.48,1158.0,570.84,NO,3761.32
351,1063,V004,Kia,Sedan,2025,Trujillo,7,1116.33,2078.0,88.54,SI,1204.87
352,1326,V002,Kia,Suv,2010,Trujillo,12,1496.26,432.0,988.22,NO,2484.48
353,1040,V004,Hyundai,Suv,2013,Arequipa,20,98.87,69.0,1511.78,NO,1610.65
354,1059,V002,Hyundai,Suv,2018,Arequipa,4,2484.3,2786.0,424.87,SI,2909.17
355,1027,V001,Hyundai,Suv,2019,Lima,18,4852.1,1632.0,520.41,NO,5372.51
356,1235,V003,Kia,Sedan,2020,Cusco,17,3845.67,1570.0,414.05,SI,4259.72
357,1359,V002,Hyundai,Suv,2022,Lima,1,2030.38,1731.0,1710.61,NO,3740.99
358,1072,V002,Toyota,Sedan,2025,Lima,25,2657.16,1745.0,1002.98,NO,3660.14
359,1053,V004,Hyundai,Sedan,2016,Lima,7,3928.64,1472.0,959.07,SI,4887.71
360,1317,V002,Toyota,Suv,2012,Arequipa,25,897.72,348.0,506.58,SI,1404.3
361,1343,V003,Kia,Pickup,2018,Trujillo,24,5721.2,1802.0,996.69,NO,6717.889999999999
362,1355,V002,Hyundai,Van,2017,Trujillo,8,1215.42,87.0,1326.97,NO,2542.3900000000003
363,1384,V002,Toyota,Van,2024,Trujillo,27,3455.8,1354.0,1264.54,SI,4720.34
365,1079,V001,Toyota,Pickup,2010,Lima,6,4242.57,370.0,158.32,NO,4400.889999999999
366,1324,V003,Hyundai,Suv,2012,Arequipa,30,4654.42,2600.0,892.05,NO,5546.47
367,1220,V002,Desconocido,Suv,2023,Lima,29,2744.38,2879.0,967.66,NO,3712.04
368,1364,V004,Toyota,Van,2011,Lima,4,1880.23,2808.0,994.52,NO,2874.75
369,1175,V002,Hyundai,Suv,2025,Lima,12,1770.4,1198.0,912.21,NO,2682.61
370,1041,V004,Toyota,Pickup,2013,Lima,17,2561.63,878.0,144.82,SI,2706.4500000000003
371,1069,V004,Kia,Pickup,2021,Arequipa,29,3045.98,1465.0,478.66,NO,3524.64
372,1068,V002,Hyundai,Desconocido,2019,Arequipa,30,861.39,1084.0,1097.87,NO,1959.2599999999998
373,1111,V004,Kia,Pickup,2015,Cusco,24,5479.85,631.0,702.37,NO,6182.22
374,1058,V002,Toyota,Pickup,2020,Lima,26,3853.16,318.0,1680.92,NO,5534.08
375,1182,V001,Hyundai,Van,2022,Cusco,20,3959.85,806.0,302.93,SI,4262.78
376,1279,V003,Toyota,Pickup,2024,Trujillo,13,5839.63,2938.0,1278.01,NO,7117.64
377,1375,V001,Toyota,Suv,2016,Cusco,12,192.37,654.0,206.09,NO,398.46000000000004
378,1005,V002,Hyundai,Pickup,2018,Cusco,28,318.13,1784.0,893.04,SI,1211.17
379,1389,V002,Kia,Suv,2010,Trujillo,9,2942.55,2008.0,1398.89,SI,4341.4400000000005
380,1010,V001,Toyota,Suv,2011,Lima,2,4440.44,532.0,1292.11,SI,5732.549999999999
381,1142,DESCONOCIDOO,Kia,Suv,2020,Lima,5,2626.04,2367.0,764.47,SI,3390.51
382,1070,V001,Toyota,Pickup,2018,Cusco,29,4145.64,1746.0,970.06,NO,5115.700000000001
383,1366,V002,Kia,Sedan,2024,Lima,3,4638.29,2473.0,742.86,NO,5381.15
384,1027,V001,Hyundai,Pickup,2020,Arequipa,2,5709.28,1992.0,359.9,SI,6069.179999999999
385,1023,V002,Toyota,Desconocido,2017,Arequipa,9,3219.94,953.0,2.86,SI,3222.8
386,1072,V001,Kia,Sedan,2023,Lima,27,5182.14,696.0,914.34,SI,6096.4800000000005
387,1126,V001,Kia,Sedan,2021,Arequipa,12,2529.1,838.0,1242.92,SI,3772.02
388,1240,V003,Toyota,Suv,2025,Lima,3,5784.96,2369.0,1698.66,SI,7483.62
389,1269,V003,Hyundai,Desconocido,2022,Cusco,19,1849.62,1384.0,1544.16,NO,3393.7799999999997
390,1021,V002,Hyundai,Suv,2022,Trujillo,11,2872.63,1755.0,433.13,SI,3305.76
391,1240,V002,Hyundai,Sedan,2013,Trujillo,9,1569.36,1029.0,164.68,SI,1734.04
392,1059,V002,Toyota,Pickup,2014,Cusco,4,0.0,1647.0,928.19,NO,928.19
393,1340,V002,Toyota,Van,2024,Cusco,21,4607.97,797.0,1068.67,SI,5676.64
394,1280,V002,Kia,Pickup,2017,Lima,2,2209.34,657.0,336.01,SI,2545.3500000000004
395,1179,V001,Toyota,Suv,2019,Cusco,24,4858.52,237.0,727.5,NO,5586.02
396,1349,V003,Toyota,Suv,2011,Lima,30,3996.99,2978.0,1067.86,SI,5064.849999999999
397,1399,V004,Hyundai,Sedan,2014,Lima,27,561.52,1623.0,756.76,NO,1318.28
398,1037,V001,Toyota,Pickup,2022,Lima,30,1393.66,1359.0,1023.75,SI,2417.41
399,1065,V004,Kia,Suv,2014,Lima,14,5473.63,2068.0,916.63,SI,6390.26
400,1061,V004,Hyundai,Suv,2014,Trujillo,5,5206.1,951.0,775.51,SI,5981.610000000001
401,1129,V004,Kia,Sedan,2019,Arequipa,20,5387.67,2644.0,1438.88,NO,6826.55
402,1285,V001,Hyundai,Pickup,2020,Trujillo,5,1341.44,568.0,376.97,SI,1718.41
403,1095,V002,Toyota,Sedan,2011,Lima,12,380.72,246.0,495.55,NO,876.27
404,1224,V001,Kia,Suv,2011,Trujillo,28,2343.54,1742.0,85.59,NO,2429.13
405,1241,V002,Kia,Sedan,2011,Arequipa,7,5312.23,1191.0,100.78,NO,5413.009999999999
406,1258,V004,Kia,Van,2018,Arequipa,20,4009.59,2790.0,907.99,SI,4917.58
407,1180,V004,Toyota,Sedan,2021,Lima,1,5602.13,572.0,944.52,NO,6546.65
408,1381,V003,Kia,Sedan,2024,Trujillo,3,3893.33,2316.0,110.67,SI,4004.0
409,1262,V003,Kia,Van,2011,Lima,2,4313.34,198.0,248.65,NO,4561.99
410,1164,V002,Kia,Sedan,2015,Lima,3,0.0,823.0,1356.1,NO,1356.1
411,1228,V002,Kia,Sedan,2020,Cusco,15,3152.62,652.0,1329.04,SI,4481.66
412,1180,V001,Hyundai,Sedan,2018,Cusco,11,1338.64,2796.0,438.33,NO,1776.97
413,1246,V003,Desconocido,Sedan,2015,Arequipa,12,2877.27,361.0,624.25,NO,3501.52
414,1378,V003,Kia,Van,2024,Trujillo,28,2515.06,-100.0,1435.1,NO,3950.16
415,1037,V001,Toyota,Suv,2011,Arequipa,30,5893.16,210.0,795.87,SI,6689.03
416,1085,V001,Kia,Desconocido,2023,Arequipa,24,5251.61,1047.0,1349.18,NO,6600.79
417,1089,V002,Toyota,Suv,2013,Lima,4,4392.67,2290.0,1022.41,NO,5415.08
418,1174,V003,Hyundai,Van,2022,Cusco,3,4384.2,429.0,1606.42,SI,5990.62
419,1316,V001,Kia,Sedan,2022,Lima,18,4483.14,1828.0,265.23,SI,4748.370000000001
420,1086,V002,Toyota,Suv,2010,Arequipa,17,4821.94,1885.0,921.48,NO,5743.42
421,1277,V002,Toyota,Van,2017,Arequipa,5,2444.42,99.0,1054.43,SI,3498.8500000000004
422,1041,V001,Kia,Pickup,2015,Cusco,30,2932.35,2373.0,1330.32,NO,4262.67
423,1029,V001,Kia,Suv,2014,Lima,12,1986.36,1752.0,936.63,NO,2922.99
424,1167,V002,Desconocido,Suv,2025,Desconocido,24,5559.48,1722.0,681.33,SI,6240.8099999999995
425,1310,V001,Toyota,Van,2013,Trujillo,12,5653.4,2470.0,1435.48,NO,7088.879999999999
426,1109,V003,Hyundai,Sedan,2021,Arequipa,28,1455.64,2603.0,981.02,SI,2436.66
427,1317,V001,Kia,Pickup,2016,Lima,13,2513.49,1320.0,1258.31,SI,3771.7999999999997
428,1105,V003,Toyota,Suv,2017,Cusco,9,3261.81,2281.0,347.49,SI,3609.3
429,1079,V001,Toyota,Van,2021,Arequipa,2,3964.65,2221.0,678.74,NO,4643.39
430,1011,V002,Hyundai,Suv,2016,Lima,27,3730.38,631.0,242.52,NO,3972.9
431,1372,V001,Hyundai,Van,2018,Cusco,11,4642.3,337.0,238.24,NO,4880.54
432,1178,V001,Kia,Suv,2021,Trujillo,26,2067.0,834.0,556.99,NO,2623.99
433,1022,V002,Hyundai,Van,2010,Trujillo,12,358.96,703.0,330.47,SI,689.4300000000001
434,1036,V003,Kia,Pickup,2019,Lima,28,3143.86,1505.0,1038.98,SI,4182.84
435,1378,V004,Kia,Sedan,2020,Cusco,5,5630.19,1559.0,506.02,SI,6136.209999999999
436,1024,V001,Toyota,Pickup,2021,Lima,17,511.71,2568.0,138.52,NO,650.23
437,1024,V002,Toyota,Suv,2015,Lima,4,0.0,2705.0,963.66,SI,963.66
438,1302,V002,Desconocido,Sedan,2019,Trujillo,20,4946.43,1140.0,1468.66,NO,6415.09
440,1121,V004,Hyundai,Suv,2016,Desconocido,17,360.05,701.0,26.66,NO,386.71000000000004
441,1305,V002,Kia,Suv,2023,Arequipa,10,1743.17,2109.0,1777.38,NO,3520.55
442,1008,DESCONOCIDOO,Desconocido,Pickup,2019,Lima,4,597.97,1626.0,973.37,NO,1571.3400000000001
443,1295,V003,Kia,Sedan,2015,Lima,14,4170.75,977.0,983.14,NO,5153.89
444,1275,V001,Toyota,Sedan,2014,Cusco,1,0.0,2434.0,1625.15,SI,1625.15
445,1041,V002,Toyota,Sedan,2020,Lima,27,1002.58,1297.0,540.33,SI,1542.91
446,1392,V002,Hyundai,Pickup,2020,Cusco,20,4305.09,1666.0,419.71,NO,4724.8
447,1028,V003,Hyundai,Sedan,2021,Cusco,1,3531.07,2593.0,1783.65,SI,5314.72
448,1249,V001,Kia,Desconocido,2024,Lima,9,2454.18,2005.0,1770.14,SI,4224.32
449,1325,V003,Kia,Suv,2014,Cusco,23,4439.98,686.0,1467.36,SI,5907.339999999999
450,1146,V001,Hyundai,Suv,2015,Lima,27,3485.52,1808.0,969.92,NO,4455.44
451,1082,V002,Kia,Sedan,2010,Arequipa,16,982.45,1589.0,1536.1,NO,2518.55
452,1257,V002,Hyundai,Suv,2020,Cusco,13,0.0,600.0,867.93,SI,867.93
453,1097,V003,Kia,Suv,2010,Lima,8,2917.86,1396.0,1637.35,NO,4555.21
454,1357,V003,Toyota,Sedan,2014,Lima,16,5319.68,2443.0,542.29,SI,5861.97
455,1338,V003,Kia,Pickup,2017,Lima,14,928.24,682.0,328.41,NO,1256.65
456,1033,V003,Kia,Suv,2018,Trujillo,25,1571.15,1294.0,953.69,NO,2524.84
457,1078,V001,Toyota,Suv,2022,Trujillo,12,0.0,2735.0,531.01,SI,531.01
458,1220,V001,Kia,Sedan,2018,Arequipa,19,3520.23,183.0,1168.42,SI,4688.65
459,1006,V004,Toyota,Van,2010,Lima,20,1110.32,629.0,779.62,SI,1889.94
460,1245,V002,Toyota,Van,2012,Trujillo,2,4868.19,1116.0,39.86,SI,4908.049999999999
461,1104,V003,Toyota,Van,2010,Arequipa,17,2775.27,934.0,389.45,SI,3164.72
462,1153,V002,Hyundai,Suv,2017,Lima,16,4241.05,114.0,332.41,SI,4573.46
463,1004,V003,Hyundai,Sedan,2016,Cusco,28,2150.0,845.0,223.4,SI,2373.4
464,1267,V002,Toyota,Sedan,2016,Lima,26,4821.22,2336.0,725.42,SI,5546.64
465,1097,V001,Kia,Suv,2022,Lima,17,903.24,702.0,136.0,SI,1039.24
466,1399,V003,Desconocido,Suv,2013,Lima,10,3584.33,216.0,888.39,NO,4472.72
467,1076,V001,Toyota,Pickup,2011,Arequipa,18,5011.54,553.0,1515.75,NO,6527.29
468,1121,V002,Kia,Van,2021,Trujillo,27,942.7,1978.0,1545.22,NO,2487.92
469,1003,V003,Toyota,Sedan,2021,Cusco,21,271.74,1436.0,1292.33,NO,1564.07
470,1395,V002,Kia,Sedan,2020,Lima,6,3414.32,1385.0,963.85,SI,4378.17
471,1243,V003,Hyundai,Sedan,2015,Lima,20,4206.84,2985.0,62.0,NO,4268.84
472,1173,V001,Hyundai,Van,2020,Cusco,1,3944.78,1246.0,693.8,SI,4638.58
473,1367,V001,Toyota,Sedan,2020,Cusco,6,1870.38,0.0,30.38,SI,1900.7600000000002
474,1063,V002,Kia,Van,2018,Arequipa,24,1143.87,250.0,1282.46,NO,2426.33
475,1372,V004,Toyota,Suv,2014,Trujillo,4,3787.01,1966.0,1402.87,SI,5189.88
476,1081,V002,Toyota,Sedan,2025,Arequipa,18,157.61,2048.0,877.56,NO,1035.17
477,1050,V001,Desconocido,Van,2022,Arequipa,27,1702.85,2458.0,498.11,NO,2200.96
478,1300,V001,Toyota,Pickup,2012,Lima,17,2841.48,2007.0,1750.74,NO,4592.22
479,1394,V002,Kia,Suv,2012,Lima,24,5027.04,1849.0,1400.9,SI,6427.9400000000005
480,1321,V003,Kia,Pickup,2023,Lima,9,1851.04,1930.0,513.7,NO,2364.74
481,1259,V003,Toyota,Sedan,2012,Arequipa,29,0.0,2151.0,408.17,NO,408.17
482,1157,V001,Toyota,Sedan,2014,Cusco,2,2186.4,2923.0,1503.61,SI,3690.01
483,1254,DESCONOCIDOO,Hyundai,Sedan,2017,Lima,14,4381.96,2405.0,1536.12,SI,5918.08
484,1103,V001,Kia,Suv,2013,Lima,28,4914.21,708.0,127.03,SI,5041.24
485,1142,V004,Toyota,Van,2025,Desconocido,6,2547.79,1886.0,478.85,SI,3026.64
486,1255,V001,Toyota,Sedan,2024,Cusco,22,3368.93,1554.0,561.2,SI,3930.13
487,1292,V003,Toyota,Suv,2011,Arequipa,23,4385.59,1716.0,1091.8,SI,5477.39
488,1289,V002,Kia,Suv,2013,Lima,1,0.0,567.0,1543.53,SI,1543.53
489,1130,V002,Toyota,Van,2020,Lima,28,3359.53,1837.0,1680.06,NO,5039.59
490,1005,V002,Hyundai,Sedan,2016,Trujillo,21,4191.92,2788.0,1649.51,NO,5841.43
491,1375,DESCONOCIDOO,Hyundai,Suv,2024,Lima,26,5314.53,1083.0,818.25,NO,6132.78
492,1276,V003,Toyota,Suv,2022,Trujillo,5,1925.94,1096.0,1245.5,NO,3171.44
493,1262,V001,Hyundai,Sedan,2011,Lima,12,4422.72,238.0,1379.72,NO,5802.4400000000005
494,1044,V001,Toyota,Pickup,2013,Lima,10,3027.8,1561.0,1562.36,NO,4590.16
495,1233,V001,Toyota,Van,2025,Lima,28,5190.06,2653.0,1555.5,NO,6745.56
496,1156,V002,Kia,Sedan,2024,Trujillo,19,657.89,2637.0,1567.92,NO,2225.81
497,1180,V002,Kia,Suv,2023,Trujillo,14,0.0,746.0,972.44,SI,972.44
498,1273,V001,Kia,Suv,2014,Trujillo,7,4145.99,145.0,666.9,SI,4812.889999999999
499,1321,V004,Toyota,Suv,2021,Cusco,25,5224.49,1011.0,1502.2,NO,6726.69
500,1344,V004,Toyota,Suv,2010,Arequipa,5,1384.52,2864.0,366.82,SI,1751.34
501,1273,V004,Hyundai,Pickup,2017,Arequipa,20,4408.04,675.0,495.44,SI,4903.48
502,1156,V003,Hyundai,Van,2012,Cusco,25,1888.86,716.0,1385.89,NO,3274.75
503,1025,V004,Hyundai,Suv,2021,Cusco,22,2190.75,1375.0,1273.17,NO,3463.92
504,1088,V002,Toyota,Sedan,2014,Arequipa,26,993.37,2011.0,1091.13,SI,2084.5
505,1228,V001,Hyundai,Suv,2012,Trujillo,13,2086.9,987.0,1446.31,SI,3533.21
506,1260,V002,Toyota,Van,2018,Arequipa,24,1974.19,1854.0,953.91,NO,2928.1
507,1038,V004,Hyundai,Van,2010,Arequipa,11,2366.2,2761.0,464.08,NO,2830.2799999999997
508,1189,V004,Toyota,Suv,2025,Lima,6,5607.46,1621.0,331.28,SI,5938.74
509,1332,V002,Kia,Sedan,2016,Cusco,15,1802.86,2551.0,1223.4,SI,3026.26
510,1300,V001,Kia,Suv,2013,Trujillo,4,4509.62,848.0,949.5,SI,5459.12
511,1010,V001,Kia,Sedan,2010,Cusco,18,5782.41,2382.0,784.11,SI,6566.5199999999995
512,1198,V003,Toyota,Van,2015,Cusco,25,3644.11,1706.0,1409.35,NO,5053.46
513,1089,V002,Kia,Sedan,2025,Lima,20,4598.38,1267.0,1756.01,NO,6354.39
514,1094,V001,Hyundai,Sedan,2018,Trujillo,24,5103.01,2436.0,1695.11,SI,6798.12
515,1175,V002,Desconocido,Suv,2012,Trujillo,11,3702.26,0.0,480.31,SI,4182.570000000001
516,1389,V001,Toyota,Sedan,2011,Arequipa,2,2186.61,1619.0,185.32,SI,2371.9300000000003
517,1197,V004,Hyundai,Pickup,2014,Lima,29,2251.14,1545.0,152.25,SI,2403.39
518,1172,V002,Kia,Sedan,2014,Trujillo,26,2036.85,2034.0,71.41,SI,2108.2599999999998
519,1057,V004,Hyundai,Van,2021,Cusco,16,5486.45,465.0,1696.87,SI,7183.32
520,1195,V001,Hyundai,Sedan,2019,Trujillo,25,4370.18,158.0,640.1,SI,5010.280000000001
521,1058,V002,Toyota,Sedan,2022,Arequipa,15,2629.21,534.0,291.13,SI,2920.34
522,1135,V003,Desconocido,Sedan,2011,Lima,1,2155.93,1976.0,173.75,SI,2329.68
523,1098,V002,Kia,Suv,2016,Cusco,20,2327.34,570.0,333.52,NO,2660.86
524,1250,V002,Kia,Van,2019,Lima,13,2030.22,2562.0,364.25,NO,2394.4700000000003
525,1324,V002,Kia,Sedan,2017,Lima,14,5745.26,2480.0,1729.64,SI,7474.900000000001
526,1061,V001,Hyundai,Sedan,2021,Arequipa,26,2239.03,1557.0,1088.33,SI,3327.36
527,1241,V001,Kia,Suv,2023,Arequipa,12,4667.92,2331.0,1205.42,SI,5873.34
528,1010,V001,Toyota,Sedan,2022,Trujillo,4,2662.57,132.0,1238.83,SI,3901.4
529,1219,V003,Hyundai,Sedan,2018,Cusco,29,4669.5,2809.0,414.42,SI,5083.92
530,1066,V001,Toyota,Suv,2025,Desconocido,17,3134.79,2427.0,148.67,NO,3283.46
531,1314,V002,Kia,Suv,2023,Lima,11,4582.02,158.0,906.79,SI,5488.81
532,1330,V002,Kia,Suv,2010,Arequipa,3,3656.29,1206.0,281.46,NO,3937.75
533,1101,V001,Kia,Pickup,2016,Cusco,23,2834.94,721.0,872.56,SI,3707.5
534,1009,V002,Toyota,Suv,2021,Lima,30,1205.1,2406.0,293.03,NO,1498.1299999999999
535,1047,V004,Hyundai,Van,2014,Lima,15,2529.7,2960.0,1657.12,SI,4186.82
536,1045,V002,Kia,Pickup,2019,Arequipa,25,471.15,905.0,1689.72,NO,2160.87
537,1121,V001,Hyundai,Pickup,2017,Lima,13,293.9,1071.0,1574.91,SI,1868.81
538,1397,V002,Toyota,Pickup,2014,Lima,23,0.0,1344.0,951.7,NO,951.7
539,1323,V004,Kia,Pickup,2015,Lima,10,4464.81,1031.0,15.64,SI,4480.450000000001
540,1190,V001,Toyota,Pickup,2012,Arequipa,29,963.63,1322.0,1016.09,NO,1979.72
541,1227,V001,Kia,Suv,2010,Cusco,8,2028.68,965.0,1047.6,NO,3076.2799999999997
542,1374,V001,Kia,Sedan,2015,Trujillo,19,3659.55,318.0,663.86,SI,4323.41
543,1146,V003,Toyota,Sedan,2023,Arequipa,30,120.58,1003.0,400.39,SI,520.97
544,1149,V001,Toyota,Pickup,2018,Trujillo,10,2991.33,1934.0,1006.55,SI,3997.88
545,1102,V004,Kia,Van,2024,Arequipa,6,1228.16,1977.0,29.5,SI,1257.66
546,1164,V002,Kia,Suv,2015,Trujillo,17,3467.62,95.0,887.89,SI,4355.51
547,1211,V001,Kia,Sedan,2020,Lima,22,3794.4,2528.0,1006.45,NO,4800.85
548,1078,DESCONOCIDOO,Kia,Sedan,2017,Desconocido,12,1616.99,1136.0,1226.82,NO,2843.81
549,1074,V001,Kia,Suv,2020,Arequipa,7,1988.37,99999.0,1160.98,NO,3149.35
550,1098,V003,Hyundai,Pickup,2019,Arequipa,19,2084.34,1300.0,1774.66,SI,3859.0
551,1279,V003,Kia,Van,2020,Cusco,3,5171.57,1910.0,1036.17,NO,6207.74
552,1313,V002,Kia,Suv,2020,Lima,13,3037.05,0.0,287.63,NO,3324.6800000000003
553,1076,V001,Kia,Suv,2024,Trujillo,18,3695.22,1570.0,1332.15,NO,5027.37
554,1237,V002,Toyota,Pickup,2020,Cusco,28,1882.93,1572.0,1403.8,SI,3286.73
555,1290,V004,Toyota,Pickup,2010,Cusco,25,4867.01,1462.0,1456.67,SI,6323.68
556,1392,V001,Kia,Sedan,2015,Lima,8,5001.1,1885.0,695.29,SI,5696.39
557,1301,V001,Hyundai,Sedan,2011,Lima,14,3773.5,305.0,685.58,SI,4459.08
558,1066,V002,Kia,Sedan,2011,Cusco,26,2289.1,2525.0,675.79,SI,2964.89
559,1355,V002,Toyota,Van,2024,Arequipa,9,5209.22,2389.0,1202.07,NO,6411.29
560,1251,V002,Kia,Van,2025,Lima,27,911.84,33.0,243.91,SI,1155.75
561,1052,V002,Kia,Sedan,2015,Cusco,5,3173.89,2097.0,716.22,NO,3890.1099999999997
562,1163,V004,Kia,Sedan,2020,Arequipa,14,2858.53,1402.0,1297.07,SI,4155.6
563,1193,V001,Kia,Pickup,2010,Trujillo,7,5138.95,2215.0,1281.77,SI,6420.719999999999
564,1200,V002,Kia,Suv,2017,Cusco,10,1873.77,2935.0,767.11,NO,2640.88
565,1242,V001,Hyundai,Sedan,2016,Cusco,26,5359.65,245.0,213.34,NO,5572.99
566,1187,V001,Hyundai,Van,2018,Cusco,30,5431.6,116.0,240.93,NO,5672.530000000001
567,1060,V003,Hyundai,Sedan,2015,Cusco,16,1088.19,633.0,1322.16,NO,2410.3500000000004
568,1222,V002,Toyota,Desconocido,2025,Lima,24,861.73,1515.0,1006.48,NO,1868.21
570,1372,V002,Toyota,Sedan,2014,Lima,18,3553.84,1721.0,974.43,SI,4528.27
571,1006,V001,Kia,Suv,2017,Lima,8,3707.3,1948.0,1489.61,SI,5196.91
572,1285,V002,Hyundai,Sedan,2024,Lima,30,489.15,2412.0,692.39,SI,1181.54
573,1054,V002,Toyota,Sedan,2018,Desconocido,1,542.22,1447.0,1353.48,NO,1895.7
574,1215,V003,Toyota,Suv,2017,Lima,7,4648.14,76.0,1496.81,SI,6144.950000000001
575,1100,V001,Toyota,Sedan,2025,Lima,21,373.69,2930.0,429.33,SI,803.02
576,1162,V001,Kia,Desconocido,2013,Arequipa,9,1437.63,1256.0,1782.85,SI,3220.48
577,1379,V002,Kia,Sedan,2013,Lima,15,3290.21,511.0,952.52,SI,4242.73
578,1293,V001,Kia,Suv,2025,Lima,11,5898.79,1019.0,683.66,SI,6582.45
579,1291,V001,Toyota,Sedan,2016,Trujillo,1,4982.3,2757.0,24.42,SI,5006.72
580,1252,V002,Hyundai,Desconocido,2014,Lima,10,5403.91,1365.0,380.77,NO,5784.68
581,1048,V001,Kia,Sedan,2021,Arequipa,16,5028.0,831.0,139.2,NO,5167.2
582,1240,V001,Hyundai,Van,2017,Trujillo,19,4940.86,625.0,1677.68,SI,6618.54
583,1124,V001,Toyota,Sedan,2010,Lima,16,5732.53,2058.0,489.31,SI,6221.84
584,1049,V001,Kia,Pickup,2019,Trujillo,2,4834.22,2400.0,886.55,NO,5720.77
585,1054,V003,Hyundai,Sedan,2014,Lima,27,4566.01,883.0,462.6,SI,5028.610000000001
586,1265,V001,Kia,Van,2019,Cusco,20,1914.55,1907.0,1082.21,NO,2996.76
588,1293,V004,Toyota,Suv,2010,Arequipa,20,2098.26,2853.0,1183.86,SI,3282.12
589,1382,V002,Hyundai,Pickup,2012,Cusco,29,1600.11,1219.0,1538.76,NO,3138.87
590,1206,V002,Hyundai,Sedan,2018,Lima,24,3123.45,1317.0,918.86,SI,4042.31
591,1151,V002,Toyota,Sedan,2024,Lima,24,566.94,252.0,916.19,SI,1483.13
592,1333,V002,Toyota,Sedan,2025,Trujillo,15,4423.55,930.0,1359.79,NO,5783.34
593,1356,V001,Toyota,Van,2011,Trujillo,1,4969.2,2496.0,1645.06,SI,6614.26
594,1134,V001,Desconocido,Suv,2023,Cusco,6,3945.57,2026.0,71.0,SI,4016.57
595,1168,V001,Toyota,Van,2025,Trujillo,3,5747.06,623.0,1027.65,NO,6774.710000000001
596,1290,V004,Hyundai,Van,2013,Arequipa,3,1906.7,2723.0,1385.22,NO,3291.92
597,1150,V004,Hyundai,Sedan,2024,Trujillo,10,4784.83,2519.0,838.99,NO,5623.82
598,1077,V004,Hyundai,Sedan,2017,Lima,5,3005.4,2376.0,286.2,SI,3291.6
599,1372,V001,Kia,Sedan,2021,Arequipa,10,4645.98,1760.0,421.53,NO,5067.509999999999
600,1161,V003,Toyota,Suv,2022,Lima,17,2523.54,1881.0,714.66,SI,3238.2
601,1107,V004,Toyota,Van,2019,Cusco,7,4930.05,625.0,844.36,SI,5774.41
602,1169,DESCONOCIDOO,Hyundai,Suv,2014,Trujillo,6,4430.94,477.0,1589.45,SI,6020.389999999999
603,1039,V001,Hyundai,Van,2016,Trujillo,7,5110.33,2637.0,1251.69,SI,6362.02
604,1202,V002,Toyota,Sedan,2019,Lima,18,3726.19,1153.0,881.21,SI,4607.4
605,1230,V004,Hyundai,Suv,2024,Trujillo,10,5789.41,2349.0,672.15,NO,6461.5599999999995
606,1074,V002,Kia,Van,2023,Cusco,19,5414.85,100000.0,301.68,SI,5716.530000000001
607,1164,V002,Toyota,Pickup,2018,Arequipa,13,213.61,290.0,560.96,SI,774.57
608,1333,DESCONOCIDOO,Toyota,Suv,2014,Lima,24,1669.26,2355.0,346.49,SI,2015.75
609,1177,V004,Kia,Sedan,2014,Lima,2,5641.94,204.0,1633.54,NO,7275.48
610,1150,V002,Toyota,Pickup,2015,Trujillo,22,2176.34,1503.0,1213.79,SI,3390.13
611,1002,V004,Toyota,Pickup,2018,Lima,23,1905.0,2980.0,27.43,SI,1932.43
612,1210,V004,Hyundai,Suv,2013,Cusco,16,2214.63,996.0,1017.21,SI,3231.84
613,1078,V001,Kia,Sedan,2019,Cusco,4,1060.31,666.0,1535.8,NO,2596.1099999999997
614,1096,V002,Toyota,Pickup,2013,Arequipa,18,2625.98,1820.0,1081.48,SI,3707.46
615,1301,V002,Toyota,Suv,2012,Arequipa,26,3009.81,2686.0,1654.45,NO,4664.26
616,1077,V002,Kia,Suv,2019,Lima,27,4118.33,2732.0,320.93,SI,4439.26
617,1229,V002,Toyota,Suv,2012,Cusco,13,0.0,658.0,825.19,NO,825.19
618,1019,V003,Kia,Suv,2016,Lima,11,679.12,481.0,389.09,SI,1068.21
619,1021,V004,Hyundai,Van,2011,Cusco,18,4030.25,2296.0,951.22,SI,4981.47
620,1060,V002,Hyundai,Pickup,2012,Cusco,19,3330.82,1669.0,380.06,SI,3710.88
621,1028,V002,Kia,Suv,2020,Lima,10,2823.13,2616.0,181.92,NO,3005.05
622,1027,DESCONOCIDOO,Toyota,Suv,2025,Cusco,25,2402.01,1062.0,960.68,NO,3362.69
623,1373,V003,Kia,Sedan,2016,Arequipa,24,1192.97,1040.0,5.52,SI,1198.49
624,1086,V002,Kia,Van,2021,Lima,11,1732.71,1283.0,541.54,SI,2274.25
625,1264,V001,Toyota,Pickup,2010,Lima,4,1466.37,249.0,359.13,SI,1825.5
626,1201,V003,Hyundai,Sedan,2014,Cusco,13,2231.06,1554.0,393.27,SI,2624.33
627,1075,V003,Kia,Sedan,2023,Lima,4,2562.28,420.0,419.49,SI,2981.7700000000004
628,1320,V001,Hyundai,Pickup,2012,Lima,8,0.0,512.0,658.19,NO,658.19
629,1261,V002,Toyota,Suv,2020,Arequipa,23,1321.23,2636.0,1335.25,SI,2656.48
630,1334,V004,Toyota,Suv,2020,Lima,26,4411.08,849.0,790.27,NO,5201.35
631,1024,V003,Toyota,Pickup,2013,Arequipa,24,1057.19,2085.0,1681.46,SI,2738.65
632,1257,V003,Toyota,Van,2022,Lima,27,0.0,2715.0,1331.22,NO,1331.22
633,1047,V002,Kia,Sedan,2010,Arequipa,22,1509.97,1378.0,16.95,NO,1526.92
634,1346,V001,Kia,Van,2020,Lima,25,2466.01,1973.0,376.23,SI,2842.2400000000002
635,1183,V002,Hyundai,Suv,2010,Lima,15,1212.18,393.0,794.99,SI,2007.17
636,1233,V001,Kia,Van,2013,Cusco,18,5466.83,164.0,1000.58,SI,6467.41
637,1251,V004,Toyota,Suv,2016,Trujillo,6,2794.58,2590.0,669.97,NO,3464.55
638,1102,V002,Hyundai,Sedan,2017,Lima,25,2712.64,1311.0,403.57,NO,3116.21
639,1004,V001,Toyota,Pickup,2023,Lima,15,3173.93,468.0,560.81,NO,3734.74
640,1195,V002,Hyundai,Sedan,2018,Trujillo,23,1805.8,60.0,1777.38,NO,3583.1800000000003
641,1251,V003,Desconocido,Pickup,2022,Lima,11,5265.35,101.0,1232.87,SI,6498.22
642,1218,V003,Toyota,Sedan,2024,Trujillo,28,3596.61,494.0,682.56,NO,4279.17
643,1029,V001,Toyota,Sedan,2015,Cusco,27,3851.04,1759.0,646.44,NO,4497.48
644,1067,V001,Toyota,Van,2024,Lima,1,5776.22,675.0,897.25,SI,6673.47
645,1380,V003,Toyota,Sedan,2018,Lima,12,4846.75,1696.0,1232.88,SI,6079.63
646,1202,V002,Hyundai,Pickup,2018,Lima,3,5319.68,1390.0,1619.41,NO,6939.09
647,1391,V003,Desconocido,Pickup,2019,Lima,14,5827.05,0.0,1015.87,NO,6842.92
648,1182,V001,Hyundai,Suv,2017,Lima,18,4615.78,383.0,105.5,SI,4721.28
649,1314,V002,Toyota,Sedan,2021,Lima,24,3602.16,964.0,467.95,SI,4070.1099999999997
650,1312,V001,Hyundai,Suv,2018,Trujillo,13,1691.55,1634.0,337.76,SI,2029.31
651,1382,V001,Kia,Desconocido,2020,Arequipa,23,1904.35,1613.0,174.39,NO,2078.74
652,1282,V002,Kia,Suv,2011,Trujillo,8,992.65,1959.0,419.69,NO,1412.34
653,1355,V003,Toyota,Sedan,2017,Lima,20,2933.32,2474.0,160.26,SI,3093.58
654,1165,V001,Desconocido,Van,2011,Cusco,26,1297.04,1810.0,1073.71,NO,2370.75
655,1295,V001,Desconocido,Suv,2017,Trujillo,19,3843.45,536.0,1172.27,NO,5015.719999999999
656,1040,V001,Hyundai,Pickup,2017,Trujillo,26,499.65,2034.0,823.34,SI,1322.99
657,1159,V001,Toyota,Desconocido,2016,Lima,19,2776.92,0.0,443.11,SI,3220.03
658,1370,V003,Toyota,Pickup,2019,Trujillo,12,5699.38,2729.0,1079.9,NO,6779.280000000001
659,1175,V003,Hyundai,Suv,2012,Lima,26,4166.54,1674.0,193.24,NO,4359.78
660,1334,V002,Desconocido,Pickup,2024,Trujillo,22,2242.93,183.0,13.6,NO,2256.5299999999997
661,1108,V004,Toyota,Van,2022,Lima,7,2754.63,367.0,1015.43,NO,3770.06
662,1309,V001,Hyundai,Sedan,2022,Cusco,9,3204.34,1373.0,1040.76,SI,4245.1
663,1131,V002,Hyundai,Pickup,2024,Lima,4,1863.1,0.0,1414.68,NO,3277.7799999999997
664,1153,V002,Kia,Suv,2023,Lima,17,5008.58,1473.0,155.12,NO,5163.7
665,1159,V004,Hyundai,Suv,2015,Cusco,21,354.13,0.0,1406.91,NO,1761.04
666,1143,V001,Kia,Pickup,2019,Lima,27,1164.62,463.0,1282.11,NO,2446.7299999999996
667,1374,V002,Kia,Suv,2024,Lima,14,1733.93,1479.0,11.82,SI,1745.75
668,1292,V002,Hyundai,Suv,2013,Cusco,27,4749.55,212.0,621.52,SI,5371.07
669,1074,V003,Kia,Sedan,2025,Cusco,4,4292.17,1365.0,559.38,NO,4851.55
670,1019,V001,Toyota,Pickup,2025,Lima,29,5359.08,1865.0,1459.26,SI,6818.34
671,1233,V004,Hyundai,Van,2024,Desconocido,12,1250.49,607.0,1655.72,NO,2906.21
672,1045,V004,Hyundai,Sedan,2022,Arequipa,7,1566.04,1379.0,1485.09,SI,3051.13
673,1232,V001,Kia,Pickup,2011,Cusco,25,3410.35,2798.0,127.56,SI,3537.91
674,1193,V001,Toyota,Suv,2011,Trujillo,26,3650.84,0.0,672.39,SI,4323.2300000000005
675,1113,V002,Kia,Suv,2012,Trujillo,14,1120.5,143.0,131.49,SI,1251.99
676,1298,V002,Kia,Pickup,2016,Trujillo,7,5766.83,1221.0,1415.4,SI,7182.23
677,1290,V004,Toyota,Van,2013,Lima,29,1088.5,2061.0,1358.13,SI,2446.63
678,1173,V002,Hyundai,Suv,2021,Desconocido,3,2182.91,675.0,452.65,SI,2635.56
679,1041,V004,Kia,Suv,2011,Cusco,15,2910.24,221.0,1059.27,NO,3969.5099999999998
680,1024,V004,Hyundai,Suv,2023,Cusco,8,4885.47,2240.0,1330.61,SI,6216.08
681,1114,V001,Hyundai,Suv,2018,Lima,6,4048.59,374.0,1476.4,NO,5524.99
682,1149,V002,Hyundai,Sedan,2024,Cusco,20,1614.96,2203.0,1229.87,NO,2844.83
683,1155,V001,Toyota,Van,2014,Desconocido,19,3702.37,0.0,1440.37,SI,5142.74
684,1068,V003,Kia,Van,2022,Lima,26,3185.89,624.0,1594.09,SI,4779.98
685,1353,V002,Kia,Suv,2019,Arequipa,16,0.0,614.0,437.07,NO,437.07
686,1148,V001,Toyota,Sedan,2024,Cusco,20,486.62,252.0,1681.95,SI,2168.57
687,1055,V001,Kia,Sedan,2021,Arequipa,25,1405.54,138.0,237.61,SI,1643.15
688,1221,V004,Kia,Pickup,2011,Desconocido,1,2824.15,819.0,499.48,SI,3323.63
689,1362,V003,Hyundai,Sedan,2016,Trujillo,5,2829.69,477.0,376.72,NO,3206.41
690,1292,V001,Kia,Sedan,2025,Arequipa,23,190.7,0.0,1262.03,NO,1452.73
691,1398,V003,Toyota,Suv,2025,Lima,5,2161.77,1522.0,367.25,NO,2529.02
692,1074,V004,Hyundai,Sedan,2020,Trujillo,10,3708.11,137.0,617.0,SI,4325.110000000001
693,1113,V001,Kia,Sedan,2014,Lima,9,4693.22,1273.0,595.71,SI,5288.93
694,1244,V002,Toyota,Suv,2022,Lima,13,5293.4,2310.0,119.46,NO,5412.86
695,1131,V003,Hyundai,Sedan,2011,Cusco,18,480.84,1661.0,127.22,NO,608.06
696,1062,V002,Kia,Sedan,2015,Lima,27,816.99,2372.0,1154.55,SI,1971.54
697,1140,V002,Toyota,Sedan,2023,Cusco,12,2711.46,368.0,1798.61,SI,4510.07
698,1328,V004,Toyota,Sedan,2016,Cusco,4,5354.16,1015.0,1603.33,SI,6957.49
699,1255,V002,Toyota,Van,2014,Trujillo,7,194.36,1549.0,591.87,SI,786.23
700,1267,V002,Hyundai,Sedan,2020,Lima,20,2559.09,808.0,1738.33,SI,4297.42
701,1312,V004,Hyundai,Suv,2022,Lima,6,2844.85,0.0,1722.77,SI,4567.62
702,1013,V004,Hyundai,Sedan,2021,Lima,7,4723.82,2058.0,61.82,SI,4785.639999999999
703,1016,V004,Hyundai,Suv,2018,Trujillo,25,431.09,538.0,41.13,NO,472.21999999999997
704,1125,V001,Hyundai,Van,2021,Trujillo,26,5958.66,2635.0,1620.55,NO,7579.21
706,1112,V004,Hyundai,Sedan,2015,Lima,11,2007.0,680.0,527.56,NO,2534.56
707,1099,V001,Kia,Sedan,2023,Arequipa,15,2485.4,1447.0,278.79,SI,2764.19
708,1358,V002,Toyota,Van,2023,Cusco,26,487.38,70.0,813.28,SI,1300.6599999999999
709,1257,V002,Kia,Suv,2015,Cusco,24,1190.92,1646.0,726.09,SI,1917.0100000000002
710,1145,V004,Kia,Van,2022,Lima,20,3197.03,854.0,1550.82,NO,4747.85
711,1172,V001,Kia,Sedan,2017,Arequipa,22,2769.56,1046.0,1614.78,SI,4384.34
712,1214,V004,Toyota,Sedan,2015,Arequipa,19,4728.35,1518.0,279.32,SI,5007.67
713,1318,V003,Toyota,Sedan,2019,Lima,15,2663.06,440.0,1280.76,SI,3943.8199999999997
714,1157,V002,Toyota,Pickup,2021,Cusco,5,193.6,2037.0,1157.25,SI,1350.85
715,1179,V001,Toyota,Suv,2019,Cusco,7,4991.46,-50.0,1012.84,NO,6004.3
716,1347,DESCONOCIDOO,Kia,Suv,2025,Cusco,19,5696.28,2834.0,738.97,NO,6435.25
717,1304,V004,Toyota,Sedan,2024,Trujillo,5,0.0,2242.0,1279.15,SI,1279.15
718,1319,V001,Kia,Suv,2022,Lima,17,1871.37,2041.0,846.3,SI,2717.67
719,1397,V001,Hyundai,Pickup,2021,Arequipa,17,1098.27,2020.0,803.19,NO,1901.46
720,1299,V001,Hyundai,Pickup,2013,Trujillo,19,3545.9,1230.0,1328.49,NO,4874.39
721,1391,V002,Kia,Sedan,2020,Arequipa,18,437.1,2696.0,822.26,NO,1259.3600000000001
722,1086,V001,Hyundai,Sedan,2015,Arequipa,27,5701.24,2666.0,1469.41,SI,7170.65
723,1142,V003,Hyundai,Sedan,2022,Lima,8,2898.21,416.0,861.57,SI,3759.78
724,1325,V004,Toyota,Desconocido,2011,Lima,9,5866.59,1747.0,1553.17,SI,7419.76
725,1234,V002,Kia,Suv,2025,Arequipa,11,2087.2,673.0,1402.17,NO,3489.37
726,1378,V004,Kia,Sedan,2011,Trujillo,22,5953.73,1759.0,789.49,SI,6743.219999999999
727,1041,V002,Hyundai,Suv,2024,Cusco,22,2592.88,0.0,1549.53,NO,4142.41
728,1344,V002,Toyota,Sedan,2010,Lima,29,495.87,1654.0,854.69,NO,1350.56
729,1266,V001,Kia,Suv,2010,Trujillo,12,2332.79,480.0,1530.64,NO,3863.4300000000003
730,1351,V001,Kia,Pickup,2023,Cusco,28,3218.38,1241.0,1166.49,NO,4384.87
731,1177,V002,Hyundai,Sedan,2023,Lima,21,1617.56,1186.0,982.49,NO,2600.05
732,1166,DESCONOCIDOO,Toyota,Suv,2011,Lima,1,457.82,2518.0,72.28,SI,530.1
733,1384,V003,Hyundai,Pickup,2013,Cusco,4,5823.13,834.0,138.12,NO,5961.25
734,1011,V002,Hyundai,Suv,2013,Lima,13,201.72,183.0,176.03,NO,377.75
735,1130,V001,Hyundai,Suv,2024,Arequipa,21,5978.47,1105.0,55.78,NO,6034.25
736,1326,V001,Toyota,Sedan,2012,Lima,1,4169.17,277.0,1677.51,NO,5846.68
737,1263,V002,Hyundai,Suv,2013,Arequipa,365,1575.89,1842.0,1156.02,SI,2731.91
738,1278,V002,Kia,Sedan,2024,Arequipa,24,2713.62,2938.0,1235.88,SI,3949.5
739,1307,V002,Hyundai,Suv,2025,Lima,18,4548.37,2448.0,1210.62,SI,5758.99
740,1021,V002,Kia,Suv,2021,Lima,17,4134.11,590.0,1180.47,NO,5314.58
741,1101,V002,Toyota,Pickup,2010,Lima,28,1400.85,2645.0,466.68,SI,1867.53
742,1040,V002,Hyundai,Desconocido,2023,Trujillo,18,3795.28,2169.0,353.74,NO,4149.02
743,1322,V004,Kia,Suv,2019,Lima,7,272.46,2045.0,1013.63,SI,1286.09
744,1342,V004,Hyundai,Sedan,2013,Trujillo,27,905.8,643.0,1641.59,NO,2547.39
745,1273,V004,Toyota,Suv,2018,Cusco,24,2909.28,2167.0,576.92,SI,3486.2000000000003
746,1342,V001,Desconocido,Suv,2023,Lima,20,3181.81,878.0,149.08,SI,3330.89
747,1385,V002,Hyundai,Sedan,2013,Trujillo,11,4065.21,1370.0,632.67,SI,4697.88
748,1124,V002,Kia,Sedan,2023,Cusco,14,1865.73,2220.0,1398.64,NO,3264.37
750,1274,V003,Kia,Suv,2010,Lima,29,194.78,1068.0,603.67,NO,798.4499999999999
751,1257,V001,Toyota,Van,2017,Lima,20,4106.74,2888.0,436.99,NO,4543.73
752,1201,V001,Toyota,Sedan,2022,Lima,18,4772.41,1000000.0,596.27,SI,5368.68
753,1140,V001,Hyundai,Van,2025,Arequipa,26,3114.2,2183.0,1178.55,SI,4292.75
754,1118,V002,Hyundai,Sedan,2024,Lima,9,5543.62,1917.0,1001.87,SI,6545.49
755,1025,V002,Toyota,Sedan,2020,Lima,20,1841.66,57.0,602.39,SI,2444.05
756,1186,V004,Toyota,Sedan,2020,Lima,11,2233.37,0.0,1224.7,NO,3458.0699999999997
757,1280,V003,Kia,Suv,2025,Cusco,18,3359.91,1653.0,244.79,SI,3604.7
758,1280,V001,Kia,Suv,2025,Lima,19,1093.77,52.0,1429.35,NO,2523.12
759,1129,V002,Desconocido,Pickup,2021,Arequipa,22,5851.9,1294.0,722.18,SI,6574.08
760,1295,V001,Toyota,Sedan,2016,Cusco,11,2850.58,1350.0,1135.22,NO,3985.8
762,1202,V002,Kia,Sedan,2017,Cusco,8,4635.42,1382.0,1147.56,SI,5782.98
763,1154,V004,Hyundai,Suv,2016,Lima,12,722.99,279.0,1652.18,NO,2375.17
764,1053,V002,Desconocido,Sedan,2024,Trujillo,24,1288.18,2927.0,711.84,NO,2000.02
765,1377,V002,Kia,Suv,2010,Lima,25,0.0,1603.0,1502.65,NO,1502.65
766,1270,V002,Kia,Pickup,2024,Arequipa,28,5819.17,1612.0,1442.3,SI,7261.47
767,1027,V003,Toyota,Desconocido,2022,Trujillo,10,1566.89,773.0,822.72,SI,2389.61
768,1373,V001,Hyundai,Pickup,2015,Lima,13,1893.55,844.0,1660.75,SI,3554.3
769,1062,V002,Toyota,Desconocido,2014,Cusco,9,1805.6,1309.0,682.43,NO,2488.0299999999997
770,1279,V001,Kia,Van,2016,Trujillo,7,413.61,1283.0,1466.39,NO,1880.0
771,1225,V002,Kia,Pickup,2023,Trujillo,24,1815.96,1538.0,193.76,NO,2009.72
772,1122,V001,Kia,Suv,2021,Lima,19,2733.35,2571.0,119.37,SI,2852.72
773,1120,V002,Kia,Suv,2019,Lima,28,0.0,1873.0,1700.34,SI,1700.34
774,1046,V002,Toyota,Pickup,2020,Cusco,21,2794.66,1204.0,1011.48,SI,3806.14
775,1124,V002,Toyota,Suv,2019,Desconocido,18,2979.77,619.0,781.04,SI,3760.81
776,1308,V004,Hyundai,Suv,2011,Cusco,22,2890.13,51.0,925.43,NO,3815.56
777,1032,V001,Toyota,Van,2010,Trujillo,10,2369.11,608.0,931.53,SI,3300.6400000000003
778,1100,V001,Kia,Sedan,2012,Cusco,16,2265.63,1197.0,1751.27,SI,4016.9
779,1167,V003,Kia,Suv,2019,Trujillo,20,3751.58,788.0,475.09,SI,4226.67
780,1341,V001,Toyota,Sedan,2013,Cusco,21,2077.87,2633.0,585.17,SI,2663.04
781,1146,V002,Toyota,Pickup,2017,Trujillo,17,768.38,1086.0,960.4,SI,1728.78
782,1212,V004,Desconocido,Van,2021,Trujillo,12,3251.93,250000.0,1626.63,NO,4878.5599999999995
783,1068,V001,Hyundai,Suv,2024,Cusco,11,1441.03,2269.0,1680.67,NO,3121.7
784,1068,V002,Kia,Suv,2020,Cusco,15,1368.76,2292.0,947.15,SI,2315.91
785,1216,V003,Hyundai,Sedan,2017,Lima,14,3648.19,740.0,1164.62,SI,4812.8099999999995
786,1182,V004,Hyundai,Suv,2024,Lima,15,5880.8,2915.0,435.56,SI,6316.360000000001
787,1291,V001,Toyota,Sedan,2010,Lima,30,5903.6,1725.0,1208.57,SI,7112.17
788,1208,V001,Kia,Sedan,2019,Lima,17,3414.75,963.0,32.94,SI,3447.69
789,1332,V002,Toyota,Van,2022,Cusco,5,1840.45,0.0,1261.34,NO,3101.79
790,1306,V004,Toyota,Suv,2013,Cusco,9,3997.91,1348.0,625.91,SI,4623.82
791,1205,V002,Hyundai,Van,2010,Lima,4,3574.59,0.0,190.76,NO,3765.3500000000004
792,1011,V002,Toyota,Sedan,2014,Arequipa,25,2659.09,1108.0,1509.58,NO,4168.67
793,1242,V004,Kia,Van,2013,Arequipa,6,5833.76,1859.0,767.4,SI,6601.16
794,1375,V003,Kia,Sedan,2024,Trujillo,4,5104.63,1656.0,1680.87,SI,6785.5
795,1306,V001,Hyundai,Sedan,2018,Trujillo,7,2311.63,708.0,473.51,SI,2785.1400000000003
796,1185,V002,Toyota,Sedan,2016,Cusco,17,3289.27,1797.0,304.97,NO,3594.24
797,1016,V003,Hyundai,Suv,2018,Trujillo,27,3072.76,295.0,688.67,SI,3761.4300000000003
798,1038,V002,Kia,Pickup,2024,Lima,29,543.35,1614.0,1413.75,NO,1957.1
799,1224,V002,Toyota,Sedan,2011,Lima,24,3192.36,398.0,1342.8,SI,4535.16
800,1200,V002,Kia,Van,2023,Lima,1,5507.3,381.0,774.6,SI,6281.900000000001
801,1178,V003,Toyota,Sedan,2015,Cusco,25,2398.66,1329.0,942.12,NO,3340.7799999999997
802,1288,V003,Toyota,Van,2015,Lima,23,3360.95,2804.0,1499.4,SI,4860.35
803,1116,V003,Hyundai,Van,2022,Arequipa,3,3435.48,86.0,258.02,SI,3693.5
804,1179,V004,Toyota,Van,2020,Arequipa,9,3713.3,2542.0,693.5,NO,4406.8
805,1129,V002,Hyundai,Sedan,2013,Trujillo,7,1115.77,1688.0,1793.48,NO,2909.25
806,1391,V001,Hyundai,Suv,2021,Arequipa,17,2555.47,237.0,449.62,SI,3005.0899999999997
808,1350,V002,Hyundai,Sedan,2023,Lima,15,3874.39,2802.0,512.41,SI,4386.8
809,1144,V004,Toyota,Sedan,2015,Cusco,2,1972.56,2754.0,1411.58,SI,3384.14
810,1017,V004,Hyundai,Suv,2023,Arequipa,29,2065.41,752.0,1685.12,NO,3750.5299999999997
811,1371,V002,Toyota,Sedan,2016,Cusco,27,5715.31,2449.0,1646.56,SI,7361.870000000001
812,1302,V001,Kia,Sedan,2021,Lima,23,2488.81,800.0,1648.86,NO,4137.67
813,1292,V002,Kia,Suv,2017,Lima,30,2339.34,1417.0,730.55,SI,3069.8900000000003
814,1394,V002,Toyota,Van,2019,Arequipa,30,101.42,2152.0,1413.57,NO,1514.99
815,1330,V002,Toyota,Desconocido,2021,Cusco,3,4370.73,704.0,670.95,SI,5041.679999999999
816,1054,V001,Toyota,Suv,2012,Lima,23,1271.11,2864.0,1471.48,SI,2742.59
817,1072,V001,Hyundai,Sedan,2015,Cusco,10,2096.42,523.0,102.03,SI,2198.4500000000003
818,1297,V004,Hyundai,Sedan,2023,Lima,13,1571.49,655.0,1776.22,SI,3347.71
819,1013,V001,Toyota,Suv,2024,Cusco,12,4844.63,2088.0,1545.31,SI,6389.9400000000005
820,1218,V002,Hyundai,Suv,2016,Lima,27,2930.37,1034.0,1736.06,SI,4666.43
821,1108,V001,Toyota,Sedan,2011,Cusco,15,4564.38,596.0,568.85,SI,5133.2300000000005
822,1220,V003,Toyota,Suv,2024,Cusco,12,3608.08,2673.0,1652.77,SI,5260.85
823,1231,V004,Kia,Van,2017,Lima,14,2258.39,366.0,1119.17,SI,3377.56
824,1161,DESCONOCIDOO,Toyota,Suv,2014,Lima,7,593.05,926.0,448.46,NO,1041.51
825,1334,V001,Toyota,Sedan,2024,Lima,18,3816.98,1406.0,839.03,NO,4656.01
826,1205,V002,Toyota,Pickup,2011,Lima,4,2706.52,917.0,1523.04,NO,4229.5599999999995
827,1147,V003,Kia,Sedan,2021,Lima,28,3681.74,1941.0,1278.53,NO,4960.2699999999995
828,1125,V004,Hyundai,Sedan,2023,Lima,2,0.0,499.0,669.5,NO,669.5
829,1308,V002,Kia,Suv,2018,Lima,2,4078.11,2307.0,812.83,NO,4890.9400000000005
830,1179,V002,Hyundai,Sedan,2020,Desconocido,10,347.39,2288.0,746.94,SI,1094.33
831,1044,V002,Kia,Pickup,2012,Lima,10,5690.06,414.0,1041.29,NO,6731.35
832,1205,V001,Kia,Sedan,2025,Cusco,14,2104.27,183.0,996.44,NO,3100.71
833,1153,V002,Kia,Van,2016,Arequipa,4,5329.15,1971.0,532.44,NO,5861.59
834,1138,V002,Hyundai,Sedan,2022,Lima,5,2842.35,1714.0,331.39,SI,3173.74
835,1383,DESCONOCIDOO,Hyundai,Pickup,2016,Arequipa,7,937.34,2312.0,695.45,SI,1632.79
836,1171,V004,Kia,Sedan,2024,Cusco,17,3229.47,2431.0,60.97,SI,3290.4399999999996
837,1151,V001,Hyundai,Sedan,2017,Trujillo,23,4118.2,2497.0,1022.66,NO,5140.86
838,1070,V001,Toyota,Sedan,2011,Lima,28,3506.4,500000.0,967.83,SI,4474.2300000000005
839,1076,V002,Hyundai,Pickup,2023,Trujillo,10,2795.17,2145.0,1354.68,SI,4149.85
840,1340,V003,Toyota,Van,2024,Lima,12,268.14,1373.0,958.47,SI,1226.6100000000001
841,1226,V002,Toyota,Suv,2011,Arequipa,26,1743.81,1710.0,130.32,SI,1874.1299999999999
842,1268,V002,Hyundai,Suv,2022,Cusco,20,3765.36,161.0,449.03,SI,4214.39
843,1213,V002,Kia,Sedan,2017,Trujillo,24,888.47,710.0,1691.39,NO,2579.86
844,1156,V002,Kia,Sedan,2020,Arequipa,18,5161.02,2272.0,121.92,SI,5282.9400000000005
845,1220,V001,Kia,Suv,2020,Trujillo,28,1995.56,1019.0,1686.39,NO,3681.95
846,1119,V002,Kia,Suv,2011,Lima,15,5398.25,2267.0,509.39,NO,5907.64
847,1350,V001,Toyota,Suv,2024,Arequipa,22,1309.19,160.0,1148.73,SI,2457.92
848,1099,V002,Toyota,Sedan,2023,Trujillo,4,0.0,731.0,1693.69,NO,1693.69
849,1251,V001,Kia,Sedan,2016,Lima,29,1263.6,287.0,1439.55,SI,2703.1499999999996
850,1252,V004,Hyundai,Pickup,2015,Lima,3,2249.06,296.0,1329.95,SI,3579.01
851,1259,V002,Toyota,Van,2024,Lima,13,5482.52,1855.0,749.81,NO,6232.33
852,1367,V002,Hyundai,Sedan,2021,Cusco,15,5944.51,921.0,820.5,NO,6765.01
853,1316,V001,Kia,Sedan,2010,Cusco,13,4005.43,225.0,850.63,NO,4856.0599999999995
854,1078,V004,Kia,Sedan,2014,Lima,14,893.42,125.0,999.28,SI,1892.6999999999998
855,1253,V001,Hyundai,Sedan,2017,Lima,19,1053.6,279.0,654.67,SI,1708.27
856,1395,V002,Kia,Sedan,2014,Trujillo,19,5269.75,99.0,170.49,NO,5440.24
857,1131,V002,Toyota,Pickup,2019,Arequipa,27,960.31,537.0,627.27,NO,1587.58
858,1139,V001,Kia,Desconocido,2013,Trujillo,1,1823.05,1245.0,1386.97,SI,3210.02
859,1133,V003,Kia,Sedan,2013,Arequipa,16,1377.52,2415.0,958.71,SI,2336.23
860,1191,V002,Toyota,Pickup,2014,Trujillo,15,0.0,1591.0,1535.18,NO,1535.18
861,1372,V001,Kia,Suv,2020,Trujillo,4,5220.7,358.0,1347.54,NO,6568.24
862,1373,V002,Toyota,Sedan,2014,Lima,19,3597.89,1810.0,1147.15,NO,4745.04
863,1367,V001,Kia,Van,2017,Lima,19,2134.66,1292.0,1531.66,SI,3666.3199999999997
864,1118,V001,Toyota,Sedan,2017,Trujillo,5,1548.43,1933.0,1163.27,NO,2711.7
865,1175,V001,Kia,Sedan,2015,Lima,11,4023.26,199.0,949.09,SI,4972.35
866,1133,V003,Hyundai,Sedan,2012,Lima,6,3960.13,2896.0,1535.96,SI,5496.09
867,1120,V001,Kia,Pickup,2020,Arequipa,7,2360.5,2153.0,98.07,NO,2458.57
868,1082,V002,Kia,Pickup,2010,Lima,25,2004.09,2988.0,1132.99,SI,3137.08
869,1393,V003,Hyundai,Suv,2014,Lima,30,1652.17,2262.0,1010.14,NO,2662.31
870,1251,DESCONOCIDOO,Kia,Sedan,2013,Lima,30,5856.18,11.0,360.39,SI,6216.570000000001
871,1352,V004,Kia,Sedan,2024,Arequipa,6,3387.1,1978.0,615.52,NO,4002.62
872,1160,V002,Kia,Suv,2011,Arequipa,16,1399.25,2263.0,185.59,SI,1584.84
873,1354,V001,Toyota,Suv,2014,Desconocido,19,1088.86,1625.0,482.23,SI,1571.09
874,1006,DESCONOCIDOO,Toyota,Suv,2021,Lima,22,1365.61,0.0,864.1,SI,2229.71
875,1355,V002,Toyota,Sedan,2021,Cusco,12,719.62,881.0,941.6,NO,1661.22
876,1238,V002,Kia,Van,2013,Arequipa,22,4444.45,509.0,1451.61,SI,5896.0599999999995
877,1204,DESCONOCIDOO,Hyundai,Sedan,2017,Lima,18,5600.91,1483.0,188.67,SI,5789.58
878,1149,V004,Hyundai,Pickup,2021,Cusco,17,3827.62,2216.0,1489.18,SI,5316.8
879,1166,V002,Hyundai,Sedan,2011,Trujillo,19,3396.38,1169.0,1145.49,NO,4541.87
880,1231,V001,Kia,Suv,2021,Cusco,29,3663.99,124.0,1272.19,SI,4936.18
881,1198,V004,Hyundai,Sedan,2016,Desconocido,4,2055.33,0.0,1569.16,SI,3624.49
882,1388,V004,Toyota,Sedan,2018,Cusco,9,745.01,2853.0,1386.36,SI,2131.37
883,1066,V003,Hyundai,Pickup,2024,Trujillo,6,4876.77,1952.0,889.13,NO,5765.900000000001
884,1354,V001,Toyota,Sedan,2015,Lima,19,1648.25,2590.0,1662.87,SI,3311.12
885,1239,V001,Toyota,Van,2020,Cusco,5,5208.61,174.0,213.48,SI,5422.089999999999
886,1385,V002,Toyota,Sedan,2019,Cusco,13,1303.52,2017.0,1146.24,SI,2449.76
887,1238,V004,Hyundai,Van,2025,Cusco,19,5827.4,704.0,644.36,SI,6471.759999999999
888,1089,V001,Kia,Van,2013,Lima,18,1654.25,2531.0,1347.13,NO,3001.38
889,1017,V001,Hyundai,Sedan,2025,Lima,12,1476.79,2986.0,1171.64,NO,2648.4300000000003
890,1205,V002,Toyota,Sedan,2013,Lima,6,2188.34,1131.0,1339.45,SI,3527.79
891,1012,V004,Hyundai,Sedan,2017,Arequipa,9,3945.07,2303.0,1065.97,SI,5011.04
892,1062,V003,Toyota,Pickup,2024,Lima,9,3987.41,2419.0,1268.47,NO,5255.88
893,1044,V001,Desconocido,Suv,2025,Lima,22,3566.95,0.0,158.25,SI,3725.2
894,1324,V001,Toyota,Sedan,2016,Arequipa,6,1183.56,1784.0,1403.52,SI,2587.08
895,1243,V001,Toyota,Suv,2022,Cusco,9,1571.35,2381.0,1121.95,SI,2693.3
896,1263,V002,Kia,Sedan,2016,Lima,27,1755.93,1127.0,837.38,SI,2593.31
897,1034,V004,Hyundai,Suv,2025,Lima,8,1277.5,72.0,1020.61,NO,2298.11
898,1096,V001,Kia,Pickup,2024,Lima,4,558.65,550.0,1704.67,NO,2263.32
899,1226,V001,Kia,Suv,2020,Trujillo,30,2302.63,640.0,710.83,SI,3013.46
900,1113,V004,Toyota,Van,2017,Arequipa,2,1532.65,2533.0,569.97,NO,2102.62
901,1309,V004,Toyota,Suv,2023,Lima,24,791.45,2807.0,1443.82,NO,2235.27
902,1346,V001,Kia,Suv,2014,Arequipa,17,5467.95,2171.0,469.24,SI,5937.19
903,1077,V002,Toyota,Suv,2013,Lima,7,3385.67,2075.0,1453.64,SI,4839.31
904,1056,V001,Toyota,Van,2022,Lima,1,1778.97,730.0,1513.25,SI,3292.2200000000003
905,1185,V002,Kia,Sedan,2025,Lima,6,3838.73,1691.0,648.66,SI,4487.39
906,1218,V001,Hyundai,Van,2014,Cusco,9,5010.45,198.0,1109.73,SI,6120.18
907,1155,V004,Desconocido,Pickup,2010,Trujillo,23,249.41,393.0,1155.21,SI,1404.6200000000001
908,1333,V002,Toyota,Pickup,2017,Lima,17,4690.72,483.0,1625.18,SI,6315.900000000001
909,1186,V002,Hyundai,Van,2024,Trujillo,19,3600.97,2230.0,1171.57,NO,4772.54
910,1131,V004,Kia,Sedan,2018,Arequipa,19,4511.78,756.0,1094.84,SI,5606.62
911,1012,V004,Toyota,Sedan,2012,Arequipa,16,2412.67,85.0,642.77,NO,3055.44
912,1039,V001,Hyundai,Pickup,2017,Lima,14,4446.01,714.0,1495.89,SI,5941.900000000001
913,1080,V001,Toyota,Van,2018,Arequipa,16,4513.72,1092.0,32.4,SI,4546.12
914,1331,V003,Kia,Suv,2016,Arequipa,5,3066.31,1591.0,1217.17,NO,4283.48
915,1015,V001,Hyundai,Sedan,2013,Lima,27,4740.6,877.0,803.56,NO,5544.16
917,1017,V004,Hyundai,Van,2013,Lima,5,193.9,14.0,760.59,SI,954.49
918,1196,V003,Toyota,Desconocido,2016,Lima,14,1545.19,2840.0,1055.6,SI,2600.79
919,1065,V001,Kia,Van,2021,Desconocido,13,2865.0,79.0,1094.11,SI,3959.1099999999997
920,1101,V003,Hyundai,Suv,2014,Trujillo,14,5299.44,1130.0,1730.93,SI,7030.37
921,1271,V001,Kia,Sedan,2013,Arequipa,28,3008.49,1246.0,864.4,SI,3872.89
922,1125,V003,Kia,Sedan,2014,Lima,14,989.2,347.0,17.96,NO,1007.1600000000001
923,1139,V001,Toyota,Sedan,2025,Lima,2,4758.56,1477.0,741.75,SI,5500.31
924,1352,V002,Hyundai,Van,2023,Lima,23,4880.0,945.0,977.02,SI,5857.02
925,1197,V002,Toyota,Sedan,2010,Lima,7,4667.56,316.0,1770.58,NO,6438.14
926,1036,V004,Toyota,Suv,2021,Arequipa,29,3114.65,683.0,6.11,NO,3120.76
927,1276,V003,Hyundai,Van,2022,Lima,20,3275.75,506.0,491.3,SI,3767.05
928,1129,V001,Hyundai,Sedan,2011,Trujillo,2,5169.08,1143.0,845.13,NO,6014.21
929,1083,V001,Kia,Pickup,2020,Lima,1,5971.53,2708.0,1091.87,SI,7063.4
930,1063,V002,Toyota,Sedan,2018,Arequipa,10,2322.19,1840.0,1149.37,NO,3471.56
931,1122,DESCONOCIDOO,Hyundai,Van,2017,Lima,25,3156.27,1509.0,1759.03,SI,4915.3
932,1257,V003,Hyundai,Van,2013,Trujillo,14,614.84,1888.0,326.79,SI,941.6300000000001
933,1359,V003,Hyundai,Suv,2017,Cusco,20,1869.01,1516.0,55.11,NO,1924.12
934,1310,V001,Hyundai,Suv,2025,Arequipa,26,0.0,773.0,1458.29,SI,1458.29
935,1155,V004,Toyota,Suv,2013,Arequipa,1,3219.62,274.0,41.92,SI,3261.54
936,1287,V002,Kia,Suv,2017,Arequipa,1,89.95,1513.0,1510.11,SI,1600.06
937,1377,V001,Kia,Van,2012,Arequipa,10,673.44,133.0,1348.42,SI,2021.8600000000001
938,1272,V003,Hyundai,Suv,2019,Lima,10,5084.82,2887.0,833.5,SI,5918.32
939,1237,V004,Toyota,Suv,2013,Lima,6,5449.32,728.0,1370.34,SI,6819.66
940,1175,V004,Toyota,Suv,2012,Trujillo,27,5055.37,658.0,1425.33,NO,6480.7
941,1385,V001,Hyundai,Suv,2018,Lima,17,3632.95,2765.0,801.12,SI,4434.07
942,1355,V004,Hyundai,Pickup,2021,Lima,17,2823.51,1311.0,809.24,NO,3632.75
943,1118,V002,Kia,Suv,2024,Lima,5,3532.36,624.0,1600.94,SI,5133.3
944,1220,DESCONOCIDOO,Toyota,Pickup,2010,Arequipa,3,2141.57,49.0,90.4,SI,2231.9700000000003
945,1356,V004,Toyota,Van,2022,Trujillo,16,4024.84,2307.0,332.46,SI,4357.3
946,1058,V001,Kia,Sedan,2014,Lima,8,4086.77,1316.0,372.56,SI,4459.33
947,1242,V001,Kia,Van,2015,Trujillo,28,5014.73,2101.0,1464.39,NO,6479.12
948,1299,V003,Toyota,Suv,2023,Arequipa,29,4163.54,2319.0,117.37,SI,4280.91
949,1129,V001,Hyundai,Suv,2022,Trujillo,14,2176.46,617.0,507.43,SI,2683.89
950,1339,V002,Hyundai,Sedan,2019,Trujillo,12,2003.85,91.0,1580.54,SI,3584.39
951,1130,V002,Toyota,Pickup,2017,Lima,9,2472.52,2113.0,531.97,SI,3004.49
952,1100,V003,Toyota,Sedan,2011,Arequipa,27,2586.26,743.0,754.27,NO,3340.53
953,1168,V003,Kia,Pickup,2014,Cusco,10,4170.4,1283.0,1509.35,NO,5679.75
954,1204,V002,Kia,Sedan,2021,Lima,1,4032.95,2017.0,1045.3,NO,5078.25
955,1366,V002,Hyundai,Pickup,2015,Trujillo,11,1617.33,2948.0,36.75,NO,1654.08
956,1358,V001,Kia,Sedan,2012,Lima,21,1340.88,2902.0,1576.25,SI,2917.13
957,1065,V004,Toyota,Suv,2024,Arequipa,1,3059.6,2573.0,1790.32,SI,4849.92
958,1165,V003,Hyundai,Suv,2025,Trujillo,5,1791.89,41.0,465.33,NO,2257.2200000000003
959,1386,V004,Toyota,Sedan,2022,Lima,8,675.67,639.0,18.06,SI,693.7299999999999
960,1060,V003,Kia,Suv,2018,Lima,3,3894.97,1269.0,553.75,SI,4448.719999999999
961,1343,V002,Kia,Suv,2020,Lima,1,2090.92,2463.0,1255.75,NO,3346.67
962,1050,V004,Hyundai,Suv,2011,Lima,20,3816.4,1443.0,1509.23,SI,5325.63
963,1046,V002,Toyota,Van,2025,Cusco,9,5449.68,445.0,630.11,SI,6079.79
964,1081,V004,Toyota,Suv,2017,Lima,11,3702.56,139.0,1309.67,NO,5012.23
965,1311,V004,Hyundai,Sedan,2021,Cusco,16,2138.26,2560.0,1382.58,SI,3520.84
966,1349,V001,Hyundai,Suv,2025,Lima,24,1852.3,1991.0,521.1,SI,2373.4
967,1228,V001,Kia,Pickup,2024,Lima,28,1017.65,1866.0,1621.7,SI,2639.35
968,1159,V001,Toyota,Suv,2019,Lima,4,2958.58,163.0,1059.44,NO,4018.02
969,1087,V004,Hyundai,Suv,2022,Cusco,8,2853.19,108.0,1059.74,SI,3912.9300000000003
970,1357,V002,Kia,Sedan,2014,Arequipa,15,2250.88,715.0,1013.24,NO,3264.12
971,1051,V001,Hyundai,Van,2025,Trujillo,29,1398.21,1627.0,1646.14,NO,3044.3500000000004
972,1037,V004,Kia,Pickup,2015,Trujillo,2,3104.57,2889.0,868.08,SI,3972.65
973,1368,V002,Hyundai,Suv,2024,Lima,7,1839.22,2394.0,735.98,SI,2575.2
974,1324,V001,Kia,Suv,2016,Desconocido,7,2683.44,1630.0,330.29,SI,3013.73
975,1384,V002,Kia,Suv,2015,Lima,16,1622.16,1450.0,917.68,SI,2539.84
976,1268,V001,Toyota,Van,2012,Lima,15,5728.57,2567.0,138.29,SI,5866.86
977,1285,V004,Kia,Suv,2014,Lima,6,4596.43,1862.0,591.72,SI,5188.150000000001
978,1033,V002,Hyundai,Pickup,2012,Lima,4,1244.44,1206.0,15.67,NO,1260.1100000000001
979,1211,V003,Toyota,Sedan,2011,Trujillo,12,5715.1,211.0,674.27,SI,6389.370000000001
980,1341,V002,Kia,Suv,2018,Lima,6,5214.02,376.0,684.92,SI,5898.9400000000005
981,1126,V002,Toyota,Suv,2023,Arequipa,20,5475.55,384.0,1674.28,SI,7149.83
982,1202,V002,Kia,Van,2025,Lima,24,1988.77,43.0,46.04,SI,2034.81
983,1015,V002,Kia,Sedan,2015,Lima,3,4480.09,2762.0,1338.06,NO,5818.15
984,1328,V001,Kia,Suv,2018,Arequipa,27,3906.77,0.0,539.69,SI,4446.46
985,1045,V002,Hyundai,Van,2020,Lima,27,2616.49,850.0,45.19,NO,2661.68
986,1059,V004,Toyota,Sedan,2018,Lima,20,3493.86,1920.0,707.03,SI,4200.89
987,1281,V002,Toyota,Van,2015,Lima,28,4657.94,1361.0,927.26,NO,5585.2
988,1212,V002,Toyota,Sedan,2015,Trujillo,5,1694.12,1987.0,89.71,SI,1783.83
989,1217,V003,Kia,Pickup,2019,Arequipa,15,3872.34,1757.0,429.61,NO,4301.95
990,1367,V001,Kia,Sedan,2018,Arequipa,11,4327.29,2159.0,1696.59,NO,6023.88
991,1011,V002,Kia,Pickup,2016,Arequipa,14,0.0,694.0,645.36,SI,645.36
992,1373,V003,Toyota,Sedan,2024,Trujillo,19,5790.04,2101.0,809.1,SI,6599.14
993,1092,V002,Toyota,Suv,2024,Lima,26,138.09,682.0,1724.29,NO,1862.3799999999999
994,1353,V002,Hyundai,Sedan,2012,Arequipa,29,708.83,2892.0,1530.88,SI,2239.71
995,1149,V004,Kia,Suv,2023,Lima,21,2969.92,416.0,1247.17,NO,4217.09
996,1380,DESCONOCIDOO,Hyundai,Van,2022,Trujillo,4,1281.97,2544.0,994.28,SI,2276.25
997,1257,V003,Hyundai,Suv,2024,Lima,22,1595.1,1824.0,1698.03,NO,3293.13
998,1232,V002,Hyundai,Desconocido,2018,Arequipa,13,4011.71,2757.0,1166.52,SI,5178.23
999,1326,V002,Toyota,Sedan,2022,Arequipa,13,0.0,2264.0,754.04,SI,754.04
1000,1063,V001,Hyundai,Suv,2012,Lima,23,466.81,372.0,1308.93,SI,1775.74
205,1083,V001,Hyundai,Suv,2025,Trujillo,19,5520.96,108.0,600.94,SI,6121.9
72,1384,V004,Toyota,Desconocido,2014,Lima,15,933.43,388.0,633.88,NO,1567.31
673,1232,V001,Kia,Desconocido,2011,Cusco,25,3410.35,2798.0,127.56,NO,3537.91
65,1057,V001,Toyota,Van,2014,Desconocido,25,3194.49,227.0,52.69,NO,3247.18
341,1100,V003,Kia,Desconocido,2022,Lima,15,2936.42,2866.0,1300.11,SI,4236.53
136,1387,V002,Desconocido,Suv,2019,Lima,15,865.58,2181.0,1003.23,NO,1868.81
247,1384,V002,Toyota,Pickup,2017,Lima,19,641.93,1330.0,1059.03,SI,1700.96
367,1220,V002,Kia,Suv,2023,Lima,29,2744.38,2879.0,967.66,NO,3712.04
349,1216,V003,Kia,Suv,2012,Lima,5,591.65,855.0,999.19,SI,1590.8400000000001
43,1031,V004,Kia,Sedan,2024,Desconocido,20,1480.5,1600.0,1669.85,SI,3150.35
