id_alquiler,id_cliente,vehiculo,marca,tipo_vehiculo,anio_vehiculo,ciudad,dias_alquiler,monto_alquiler,kilometros,mantenimiento,accidente
1,1326,V001,Toyota,suv,2017,Arequipa,21,721.08,1699.0,1491.48,Sí
2,1219,V002,Hyundai,Pickup,2019,Cusco,1,5562.03,833.0,1012.8,Sí
3,1007,V003,KIA,Van,2014,Arequipa,30,4002.68,100.0,1237.51,Sí
4,1165,V003,Toyota,sedan,2012,Lima,24,946.66,2115.0,1025.9,NO
5,1306,v002,HYUNDAI,Pickup,2017,Cusco,24,128.39,2555.0,1769.48,Si
6,1193,V003,HYUNDAI,Van,2014,Trujillo,15,4521.94,674.0,962.07,No
7,1268,v002,KIA,suv,2023,Trujillo,0,3073.25,553.0,359.81,Si
8,1327,V004,Toyota,suv,2014,lima,12,2482.97,1188.0,100.41,No
9,1114,V004,,sedan,2024,Trujillo,16,2721.91,1624.0,198.87,Sí
10,1019,V001,KIA,Sedan,2020,lima,8,2595.25,545.0,1051.46,No
11,1159,v001,Kia,,2014,Arequipa,7,5461.83,1999.0,274.01,No
12,1330,V004,Kia,SUV,2017,Trujillo,5,3780.25,2439.0,1340.94,NO
13,1055,v001,Toyota,sedan,2011,Trujillo,25,,,1109.61,SI
14,1091,V001,KIA,sedan,2012,,24,5933.0,179.0,75.2,Si
15,1073,V001,HYUNDAI,sedan,2012,Arequipa,21,1672.35,1900.0,469.93,SI
16,1224,V002,TOYOTA,Van,2021,Cusco,6,818.24,1875.0,438.02,NO
17,1305,v001,Hyundai,SUV,2023,,30,1408.53,120.0,101.48,
18,1181,v001,Kia,SUV,2014,lima,24,5038.45,1491.0,1005.77,SI
19,1329,v002,TOYOTA,Pickup,2011,Cusco,21,1457.75,1783.0,1358.25,SI
20,1008,v001,TOYOTA,sedan,2022,lima,15,5063.13,2746.0,289.33,No
21,1158,V004,Toyota,Van,2025,Trujillo,23,2390.08,1416.0,1109.79,No
22,1207,v002,KIA,Van,2014,Lima,26,3047.74,1236.0,706.56,No
23,1270,V004,HYUNDAI,sedan,2021,Lima,4,3305.82,211.0,654.03,Sí
24,1348,v001,HYUNDAI,Van,2019,lima,27,3213.45,2871.0,344.22,Sí
25,1104,V004,HYUNDAI,suv,2024,Cusco,21,5318.59,933.0,1485.83,SI
26,1186,V002,HYUNDAI,Van,2015,Trujillo,10,2996.69,2201.0,653.62,Sí
27,1202,V001,KIA,SUV,2015,Arequipa,6,1305.97,2459.0,310.8,NO
28,1022,v002,TOYOTA,SUV,2017,lima,22,2689.03,1310.0,1275.13,No
29,1131,V004,KIA,sedan,2019,Cusco,16,2640.93,2484.0,851.3,No
30,1219,v001,KIA,Pickup,2023,lima,20,5421.03,109.0,1752.64,Sí
31,1355,V004,Toyota,suv,2013,Cusco,24,,1663.0,394.39,SI
32,1199,V002,Hyundai,SUV,2015,Arequipa,18,2418.62,2822.0,377.47,SI
33,1055,v001,Kia,Van,2013,Lima,28,1318.7,1521.0,1215.68,No
34,1241,V004,TOYOTA,,2017,Lima,16,3858.57,1614.0,549.61,Sí
35,1397,V003,TOYOTA,SUV,2018,Cusco,10,5106.79,819.0,75.76,NO
36,1210,V001,Kia,suv,2010,Cusco,24,1328.38,,164.8,NO
37,1207,V002,TOYOTA,Sedan,2011,Arequipa,13,5909.98,2983.0,445.75,Si
38,1030,V002,Hyundai,suv,2010,Trujillo,11,1291.36,2801.0,636.94,NO
39,1060,v002,Toyota,SUV,2023,Cusco,5,2543.54,1348.0,804.26,SI
40,1300,V001,Toyota,Sedan,2022,Lima,29,4941.29,2934.0,1628.71,SI
41,1343,V004,KIA,SUV,2017,Cusco,8,3520.44,2699.0,1672.22,
42,1226,V002,Kia,SUV,2022,lima,14,918.64,615.0,920.61,NO
43,1031,V004,Kia,sedan,2024,Trujillo,20,1480.5,1600.0,1669.85,Sí
44,1210,v002,Hyundai,SUV,2010,Cusco,5,4950.67,2225.0,1113.76,SI
45,1108,V004,Toyota,sedan,2020,Trujillo,25,5467.36,1798.0,473.28,Si
46,1389,v002,Toyota,Pickup,2010,Trujillo,9,2153.14,931.0,1006.8,NO
47,1080,v002,TOYOTA,Van,2011,lima,2,294.98,2717.0,1339.32,SI
48,1193,v002,HYUNDAI,sedan,2018,lima,23,3442.22,67.0,1455.73,Si
49,1391,,Toyota,,2020,Cusco,13,,,306.93,Sí
50,1220,V004,KIA,SUV,2011,Lima,22,5886.59,954.0,1464.36,SI
51,1297,,HYUNDAI,Sedan,2013,Arequipa,17,3393.25,748.0,569.43,No
52,1099,v002,Toyota,suv,2023,Trujillo,2,4755.67,1231.0,600.63,No
53,1095,V002,Hyundai,sedan,2019,Trujillo,28,4105.37,902.0,1450.85,Si
54,1235,V001,Kia,,2019,Cusco,29,3391.62,1734.0,27.37,Si
55,1216,V003,Kia,Sedan,2021,Lima,21,973.58,220.0,494.53,SI
56,1239,V001,HYUNDAI,suv,2022,Lima,9,4989.0,1711.0,1385.72,NO
57,1117,v002,TOYOTA,SUV,2010,Trujillo,30,4264.51,2563.0,1097.75,Sí
58,1110,V001,Hyundai,Van,2025,Trujillo,14,2889.57,2166.0,647.38,SI
59,1153,V001,TOYOTA,sedan,2012,Trujillo,1,2001.92,2659.0,248.29,Si
60,1211,v001,HYUNDAI,SUV,2010,Lima,17,1788.37,2425.0,1549.84,SI
61,1186,V004,HYUNDAI,SUV,2021,Cusco,8,2405.17,1109.0,1431.01,No
62,1098,v002,Toyota,Van,2010,Arequipa,13,744.94,,1674.53,No
63,1326,v001,HYUNDAI,Van,2023,lima,5,3612.36,928.0,696.36,NO
64,1057,V001,Hyundai,Sedan,2023,Arequipa,4,5824.93,578.0,1414.02,Si
65,1057,v001,Toyota,Van,2014,Lima,25,3194.49,227.0,52.69,No
66,1083,V002,HYUNDAI,SUV,2011,Arequipa,25,456.0,262.0,957.19,SI
67,1036,v002,HYUNDAI,suv,2021,,16,5959.82,149.0,940.47,Si
68,1357,V002,Kia,SUV,2018,lima,16,2156.98,52.0,1622.64,SI
69,1236,V003,TOYOTA,Sedan,2014,lima,30,4706.01,1845.0,867.19,Si
70,1063,V001,Kia,Pickup,2023,Cusco,27,3974.48,1584.0,255.18,NO
71,1202,,Toyota,Sedan,2017,Trujillo,14,1475.61,2164.0,1050.27,Si
72,1384,V004,Toyota,sedan,2014,lima,15,933.43,388.0,633.88,NO
73,1001,V003,Toyota,Van,2023,Lima,21,5457.52,2818.0,1595.53,NO
74,1072,v001,TOYOTA,Sedan,2021,Arequipa,6,4923.17,102.0,850.25,
75,1057,V003,Toyota,Sedan,2013,Arequipa,13,5225.1,1417.0,1565.46,SI
76,1034,v002,TOYOTA,sedan,2011,Lima,30,1419.93,,1358.49,SI
77,1270,V004,KIA,suv,2013,Arequipa,22,4210.28,511.0,1364.24,SI
78,1245,V002,HYUNDAI,SUV,2016,Cusco,2,5293.04,86.0,121.54,Sí
79,1206,v002,Kia,Van,2017,Cusco,28,1669.25,353.0,825.23,NO
80,1327,v001,Toyota,SUV,2018,Arequipa,27,662.31,464.0,1028.85,NO
81,1184,V001,Kia,SUV,2019,Arequipa,18,495.98,2492.0,666.31,No
82,1205,V001,HYUNDAI,suv,2024,Arequipa,25,5920.63,1800.0,203.33,No
83,1214,V004,Hyundai,Van,2025,Lima,5,2651.39,1980.0,9.11,SI
84,1084,V001,,SUV,2021,Trujillo,6,2483.04,2410.0,353.79,No
85,1338,V001,KIA,sedan,2012,Cusco,30,796.02,476.0,856.71,No
86,1091,V003,KIA,Van,2012,Cusco,18,590.36,731.0,1695.04,SI
87,1268,v002,Hyundai,suv,2013,Arequipa,30,1207.72,2023.0,417.99,No
88,1218,v002,HYUNDAI,SUV,2019,Arequipa,14,296.5,780.0,1131.19,SI
89,1201,V004,Hyundai,sedan,2023,lima,2,4028.56,2142.0,476.81,Sí
90,1250,V001,Toyota,Pickup,2013,lima,3,1886.38,2072.0,68.35,SI
91,1119,V004,TOYOTA,suv,2011,lima,22,2225.09,2952.0,1073.08,Si
92,1115,v001,Hyundai,sedan,2022,Trujillo,28,529.77,1856.0,744.24,NO
93,1283,v002,Kia,sedan,2019,Cusco,3,5808.56,2037.0,1457.83,SI
94,1249,v002,KIA,sedan,2022,Trujillo,20,5243.55,825.0,1076.46,Sí
95,1384,V004,Toyota,SUV,2022,lima,13,5823.74,1447.0,262.39,
96,1277,V003,,Pickup,2019,,25,4421.46,309.0,1309.78,No
97,1094,V002,HYUNDAI,sedan,2017,lima,16,5773.15,2349.0,386.2,Sí
98,1117,V004,Hyundai,Pickup,2011,Arequipa,27,715.77,1975.0,1760.39,No
99,1357,V004,Toyota,SUV,2025,Lima,26,5992.68,2030.0,1242.16,Si
100,1032,V002,KIA,Sedan,2012,Arequipa,11,5205.78,809.0,1581.23,Si
101,1307,V004,Hyundai,Pickup,2013,Cusco,10,3733.52,1230.0,1566.45,Sí
102,1306,V001,Toyota,Van,2024,Trujillo,22,251.45,1437.0,1009.0,Sí
103,1276,V004,Toyota,Van,2021,Arequipa,19,494.05,997.0,1046.01,
104,1297,V004,KIA,suv,2016,Lima,30,4864.88,2388.0,292.85,
105,1362,v002,Toyota,sedan,2017,Trujillo,9,5145.15,438.0,605.48,No
106,1230,V004,KIA,Van,2016,Lima,23,593.46,100.0,1714.01,Sí
107,1078,V002,Toyota,SUV,2023,,1,1840.97,1560.0,1607.4,SI
108,1311,V003,Hyundai,Pickup,2015,lima,10,4743.89,2095.0,323.15,Si
109,1303,v002,TOYOTA,Sedan,2017,Lima,11,4486.7,2222.0,403.08,No
110,1171,V002,HYUNDAI,sedan,2015,lima,22,1649.79,2737.0,1029.33,Sí
111,1124,V001,TOYOTA,suv,2012,lima,20,2350.5,2627.0,1732.67,Sí
112,1347,V001,Toyota,SUV,2017,Cusco,12,2773.42,386.0,1499.43,Sí
113,1076,V002,TOYOTA,sedan,2021,Lima,27,4748.88,1960.0,1458.55,SI
114,1045,V003,HYUNDAI,sedan,2014,Trujillo,19,1202.46,2272.0,456.69,NO
115,1007,V003,TOYOTA,Van,2016,Arequipa,19,3853.29,2766.0,957.19,No
116,1394,V004,TOYOTA,SUV,2025,Arequipa,7,1233.15,561.0,1149.27,No
117,1061,v002,TOYOTA,Sedan,2012,Lima,6,5052.23,1085.0,551.43,Sí
118,1196,V003,Toyota,sedan,2010,Lima,11,1948.73,708.0,1532.11,Sí
119,1153,V001,KIA,Pickup,2014,Trujillo,4,4309.25,2241.0,583.57,Sí
120,1116,V003,Kia,Van,2025,Lima,17,3058.76,2879.0,164.26,No
121,1247,v001,Hyundai,Van,2020,Arequipa,9,602.48,2795.0,1049.29,SI
122,1354,V001,TOYOTA,sedan,2023,Arequipa,27,5799.61,,1284.23,Si
123,1344,V002,HYUNDAI,Sedan,2014,lima,13,1335.78,2797.0,489.27,Sí
124,1317,V004,Toyota,Van,2022,Arequipa,21,2689.26,551.0,1743.16,Sí
125,1179,v002,HYUNDAI,Pickup,2024,Trujillo,8,1746.21,883.0,1231.34,NO
126,1107,v001,KIA,Van,2015,,8,5898.12,2192.0,1089.72,NO
127,1378,V001,KIA,sedan,2020,Cusco,30,3926.05,590.0,1055.03,NO
128,1101,V001,TOYOTA,Sedan,2017,Arequipa,20,3276.89,1458.0,1226.1,Si
129,1314,v001,Toyota,Pickup,2024,lima,30,308.41,1384.0,1620.42,NO
130,1357,v002,Kia,suv,2019,Lima,24,2376.78,689.0,1122.19,No
131,1031,V002,Kia,SUV,2000,Arequipa,13,4330.53,2741.0,1531.83,No
132,1231,V003,TOYOTA,Pickup,2015,Lima,18,592.86,2735.0,852.79,NO
133,1351,V001,TOYOTA,Sedan,2021,Arequipa,16,4134.11,25.0,1665.28,No
134,1373,v001,Hyundai,suv,2014,Cusco,18,3830.84,1395.0,896.64,SI
135,1068,V002,Toyota,Pickup,2022,Lima,7,3596.36,366.0,1108.09,NO
136,1387,v002,KIA,SUV,2019,lima,15,865.58,2181.0,1003.23,NO
137,1271,V004,Toyota,Van,2025,lima,17,3232.57,1039.0,235.88,SI
138,1207,V002,KIA,SUV,2017,Cusco,16,1419.67,2010.0,1099.39,Sí
139,1251,V002,Toyota,suv,2017,Trujillo,27,5202.44,2984.0,623.4,Si
140,1260,,,Pickup,2021,Lima,19,1139.55,1193.0,418.51,No
141,1105,v002,Kia,sedan,2023,Arequipa,8,3872.89,534.0,426.38,No
142,1134,V001,Kia,Sedan,2023,lima,11,1500.1,2755.0,1004.78,Sí
143,1094,V004,KIA,,2024,Arequipa,27,1055.84,1203.0,1399.53,Sí
144,1322,V004,KIA,Van,2100,Cusco,16,2410.88,182.0,30.56,SI
145,1211,V001,Kia,Van,2017,Trujillo,20,4201.67,161.0,1263.47,
146,1130,v002,HYUNDAI,suv,2016,Lima,28,1252.73,821.0,725.27,Sí
147,1393,v001,TOYOTA,SUV,2015,Trujillo,27,4426.78,2206.0,1547.17,No
148,1134,v002,KIA,suv,2021,Trujillo,13,1008.3,56.0,200.54,Sí
149,1365,V003,Toyota,Sedan,2024,Cusco,1,2502.43,694.0,138.01,
150,1123,V003,KIA,Sedan,2014,Lima,15,135.85,2188.0,539.5,SI
151,1242,V003,Kia,SUV,2011,Cusco,7,2314.31,127.0,778.25,SI
152,1025,v002,KIA,Sedan,2018,Arequipa,19,622.55,2627.0,969.52,No
153,1145,V002,TOYOTA,Sedan,2014,Trujillo,13,4229.89,2748.0,48.17,Si
154,1397,V004,Toyota,Sedan,2022,Lima,11,3922.95,268.0,1424.82,No
155,1263,v002,TOYOTA,Pickup,2011,Cusco,3,3467.18,2679.0,705.08,SI
156,1178,V004,HYUNDAI,SUV,2017,Lima,5,2469.47,824.0,131.44,Sí
157,1224,V002,KIA,suv,2013,lima,18,5082.38,2306.0,1770.49,Sí
158,1304,V001,HYUNDAI,sedan,2017,Cusco,29,4252.52,2896.0,1366.21,No
159,1128,v002,Hyundai,SUV,2023,lima,23,3693.9,1074.0,175.04,Sí
160,1294,v002,KIA,suv,2011,Arequipa,14,5090.52,,330.05,NO
161,1176,V003,Toyota,Van,2018,Arequipa,25,,380.0,1132.53,Si
162,1067,V004,Hyundai,Pickup,2019,Cusco,100,1771.63,108.0,805.45,NO
163,1123,V003,Toyota,Sedan,2016,Lima,18,1067.78,986.0,498.12,NO
164,1353,V001,Kia,Sedan,2020,Lima,12,1313.08,1095.0,89.93,Sí
165,1317,V004,TOYOTA,suv,2012,Arequipa,4,3914.47,907.0,440.3,Si
166,1061,V004,Kia,Sedan,2024,lima,17,4577.53,1837.0,479.51,No
167,1138,V002,Kia,sedan,2016,Trujillo,24,3287.76,1423.0,1796.75,SI
168,1121,V003,Kia,Sedan,2010,Trujillo,22,3986.75,870.0,677.8,
169,1115,V002,,Sedan,2010,Lima,19,3820.42,120.0,1180.7,Si
170,1313,v002,Toyota,Pickup,2015,Arequipa,6,2458.84,2532.0,1156.01,Sí
171,1308,V002,Toyota,Sedan,2010,Cusco,9,2643.22,385.0,471.86,No
172,1235,V003,Toyota,suv,2021,Trujillo,11,517.11,284.0,1525.54,No
173,1296,V003,HYUNDAI,Van,2023,lima,20,3641.21,2497.0,1435.79,NO
174,1241,V003,TOYOTA,suv,2022,lima,500,1304.36,236.0,839.93,SI
175,1109,V001,Hyundai,sedan,2015,lima,18,672.55,1366.0,832.39,No
176,1001,V001,TOYOTA,suv,2019,Arequipa,30,5212.0,1622.0,1688.39,NO
177,1180,V004,Kia,Van,2016,Cusco,19,2354.38,2608.0,131.46,Sí
178,1314,V003,HYUNDAI,Pickup,2011,Cusco,5,5161.9,2562.0,1600.39,No
179,1344,V002,Toyota,suv,2015,Arequipa,21,5976.35,2052.0,549.78,NO
180,1278,V002,KIA,SUV,2018,Lima,15,2708.17,2328.0,1420.19,NO
181,1280,v001,Toyota,sedan,2022,lima,24,414.14,1215.0,370.21,No
182,1186,V001,HYUNDAI,sedan,2023,Trujillo,4,4394.12,1849.0,426.7,SI
183,1349,V001,Hyundai,Van,2018,lima,11,2212.61,634.0,1135.46,Sí
184,1074,V003,KIA,Van,2025,Arequipa,29,5775.27,2303.0,153.24,SI
185,1089,V003,TOYOTA,SUV,2017,,28,5051.75,640.0,691.33,Sí
186,1234,v001,HYUNDAI,Sedan,2023,Trujillo,9,2180.59,1155.0,291.23,Sí
187,1064,v001,HYUNDAI,Van,2020,lima,10,5931.7,1713.0,115.6,Sí
188,1327,v002,HYUNDAI,sedan,2022,Trujillo,10,4028.86,2058.0,384.49,Sí
189,1134,v001,Kia,Van,2013,Lima,2,1803.85,2781.0,740.53,No
190,1205,,Kia,Sedan,2013,lima,10,897.77,1140.0,1185.14,No
191,1352,v001,Toyota,suv,2019,Lima,29,5660.28,317.0,1142.46,NO
192,1258,V001,Toyota,Sedan,2020,Lima,19,1168.14,1859.0,341.24,SI
193,1064,v001,TOYOTA,Sedan,2023,Arequipa,27,5970.45,1657.0,1442.73,NO
194,1075,V001,TOYOTA,Pickup,2022,Lima,13,3285.95,1505.0,799.69,SI
195,1335,,Toyota,Van,2020,Trujillo,23,4313.91,712.0,664.63,Sí
196,1094,v001,Hyundai,Sedan,2015,Arequipa,26,4424.79,2979.0,854.87,NO
197,1394,V002,TOYOTA,sedan,2023,Lima,7,1035.64,776.0,476.73,NO
198,1399,V004,Kia,sedan,2021,Cusco,19,5250.16,211.0,1422.57,SI
199,1097,v002,Toyota,suv,2016,Trujillo,29,4856.93,1463.0,709.79,Si
200,1148,v001,TOYOTA,Pickup,2024,Cusco,10,1765.43,2841.0,284.51,SI
201,1339,V002,KIA,Van,2012,lima,7,2271.35,2391.0,1351.25,Sí
202,1338,v002,TOYOTA,SUV,2025,Lima,15,2233.41,566.0,875.38,NO
203,1081,V001,KIA,SUV,2019,lima,29,4547.47,2231.0,1531.44,Si
204,1156,v001,TOYOTA,sedan,2024,Trujillo,27,1888.07,1878.0,373.58,SI
205,1083,V001,Hyundai,,2025,Trujillo,19,5520.96,108.0,600.94,Si
206,1155,V004,TOYOTA,sedan,2020,Cusco,6,4809.54,2152.0,882.68,Sí
207,1164,V002,KIA,suv,2017,Lima,21,4363.8,2235.0,27.62,NO
208,1250,v001,TOYOTA,suv,2023,Trujillo,17,1705.78,0.0,843.7,No
209,1219,V001,Hyundai,sedan,2019,Lima,8,793.13,1061.0,1061.76,Sí
210,1244,v001,HYUNDAI,Van,2024,Trujillo,12,5116.52,205.0,760.98,SI
211,1249,V003,Toyota,Sedan,2021,Arequipa,5,3816.85,1961.0,1397.6,SI
212,1271,V001,HYUNDAI,Van,2024,Trujillo,24,4792.16,1006.0,4.15,Sí
213,1038,v001,KIA,suv,2010,Lima,6,2098.45,297.0,1344.09,Sí
214,1060,v002,KIA,Van,2024,Lima,22,5322.82,2366.0,1104.39,Sí
215,1145,V002,KIA,Van,2024,Lima,21,5888.71,146.0,765.23,Sí
216,1184,V003,KIA,sedan,2016,Arequipa,3,5348.38,2759.0,138.7,No
217,1263,V002,Toyota,suv,2025,lima,9,690.84,117.0,1249.95,No
218,1191,V001,TOYOTA,Pickup,2014,Cusco,22,4473.64,1826.0,403.94,NO
219,1311,v002,Kia,Van,2014,Cusco,2,5105.82,,1240.45,SI
220,1127,v001,HYUNDAI,suv,2023,lima,14,2171.47,1057.0,1280.11,SI
221,1063,V004,HYUNDAI,suv,2016,Lima,5,3341.88,1949.0,499.18,SI
222,1164,v002,HYUNDAI,Van,2010,lima,1,3120.57,165.0,1272.69,SI
223,1087,v001,Kia,sedan,2015,lima,20,3954.73,377.0,129.03,Sí
224,1113,V001,KIA,Sedan,2023,lima,22,1774.71,965.0,1035.87,No
225,1122,V004,HYUNDAI,SUV,2017,lima,8,856.72,120.0,23.44,SI
226,1070,V001,TOYOTA,Sedan,2015,Cusco,25,3121.29,983.0,1731.23,No
227,1367,V002,Kia,Van,2012,Cusco,10,4037.63,650.0,1142.93,NO
228,1156,V002,TOYOTA,Van,2023,Cusco,29,5574.73,2166.0,186.55,Sí
229,1297,V001,Hyundai,SUV,2025,Cusco,24,1968.81,1950.0,602.09,No
230,1244,V003,HYUNDAI,sedan,2018,Arequipa,21,1202.89,579.0,1479.96,NO
231,1326,V004,TOYOTA,SUV,2022,Trujillo,30,1922.03,,1212.15,Si
232,1024,V001,HYUNDAI,SUV,2012,Cusco,16,3270.23,179.0,48.84,Sí
233,1125,v002,HYUNDAI,Sedan,2025,Lima,20,506.47,2064.0,1283.5,Si
234,1031,v002,Kia,suv,2019,lima,25,2090.95,2510.0,1386.93,
235,1289,V002,KIA,Van,2024,Cusco,13,2082.85,1614.0,732.37,Sí
236,1005,V004,Toyota,suv,2014,Trujillo,10,2741.19,500.0,1045.36,
237,1208,V001,Kia,SUV,2021,lima,18,2644.37,1887.0,554.54,SI
238,1115,,Kia,SUV,2010,Trujillo,17,5867.79,98.0,1192.57,Si
239,1080,v002,TOYOTA,SUV,2013,Lima,23,1559.47,599.0,436.41,NO
240,1190,V004,Toyota,Sedan,2010,lima,28,3771.97,2798.0,1785.45,Sí
241,1394,V004,HYUNDAI,Pickup,2018,Arequipa,18,3132.23,1437.0,1006.65,No
242,1244,v002,HYUNDAI,Van,2016,Trujillo,20,236.23,2715.0,928.51,NO
243,1248,V004,Toyota,Pickup,2025,Cusco,6,2218.22,1725.0,410.24,NO
244,1035,V001,HYUNDAI,suv,2019,Cusco,12,3406.28,360.0,449.82,No
245,1050,V004,Hyundai,Sedan,2015,Trujillo,17,755.29,,98.37,Si
246,1033,v001,Hyundai,sedan,2023,Lima,9,4374.17,2490.0,973.59,No
247,1384,V002,,Pickup,2017,Lima,19,641.93,1330.0,1059.03,SI
248,1136,V001,Hyundai,Van,2025,lima,29,4623.4,2099.0,179.57,Si
249,1377,V004,KIA,sedan,2013,Arequipa,26,1844.31,2490.0,396.43,NO
250,1189,V001,KIA,Pickup,2018,Trujillo,25,3544.01,1079.0,1378.34,Sí
251,1255,V001,Hyundai,Pickup,2011,Cusco,20,1920.84,1133.0,642.46,SI
252,1300,V001,TOYOTA,Van,2013,Trujillo,16,3813.88,261.0,274.56,NO
253,1347,V004,HYUNDAI,Sedan,2024,Arequipa,21,3933.4,2410.0,45.74,SI
254,1189,V003,KIA,SUV,2016,lima,29,5498.67,479.0,998.76,NO
255,1184,V002,Kia,sedan,2010,Trujillo,29,2473.71,2895.0,282.54,Si
256,1376,V002,HYUNDAI,Pickup,2013,Trujillo,25,4749.5,2409.0,1379.97,NO
257,1017,v001,TOYOTA,Pickup,2015,lima,17,1286.87,151.0,1550.56,Si
258,1089,V001,Toyota,Pickup,2023,Trujillo,28,4835.2,1848.0,1172.98,Sí
259,1313,V004,Toyota,Sedan,2015,Trujillo,12,666.71,804.0,731.79,Sí
260,1092,V004,Hyundai,Sedan,2019,Trujillo,999,2489.7,2996.0,1258.95,No
261,1122,V002,Hyundai,sedan,2020,lima,20,2280.4,165.0,714.49,Si
262,1189,v002,Kia,sedan,2010,Cusco,9,4468.71,1180.0,1011.72,SI
263,1270,V003,TOYOTA,SUV,2023,lima,24,4503.45,2951.0,1473.86,Sí
264,1241,V004,TOYOTA,Van,2011,Arequipa,8,3306.15,827.0,1616.61,NO
265,1170,V001,HYUNDAI,Van,2024,Arequipa,21,5531.82,1837.0,1511.14,No
266,1113,V002,KIA,suv,2024,Lima,19,2151.66,274.0,971.68,Si
267,1180,v001,HYUNDAI,Sedan,2016,Lima,16,3991.38,2096.0,1465.77,Si
268,1329,v001,TOYOTA,Sedan,2025,lima,14,2019.24,2136.0,390.82,No
269,1302,V003,Kia,Van,2015,Trujillo,17,749.49,1012.0,1515.98,Sí
270,1399,v002,Toyota,suv,2022,Arequipa,25,2472.19,2763.0,311.86,SI
271,1285,V002,Toyota,Sedan,2020,Trujillo,19,315.12,2560.0,1780.42,No
272,1086,v001,TOYOTA,Van,2025,Lima,18,5021.36,2049.0,1671.15,No
273,1248,V004,KIA,Pickup,2015,Trujillo,4,4857.26,45.0,617.48,NO
274,1080,v001,TOYOTA,suv,2015,Lima,20,466.48,1376.0,316.32,NO
275,1254,V003,Kia,sedan,2018,Arequipa,8,466.54,2327.0,432.89,Sí
276,1381,v002,KIA,sedan,2012,,11,5435.53,915.0,1543.16,
277,1375,v001,KIA,sedan,2020,Trujillo,16,5109.3,945.0,795.43,NO
278,1032,v001,TOYOTA,Pickup,2014,Cusco,25,728.21,2660.0,339.57,Si
279,1352,V002,HYUNDAI,Pickup,2014,Cusco,18,4660.69,2654.0,1457.35,Si
280,1349,V002,,Sedan,2020,Trujillo,2,3140.18,658.0,818.77,SI
281,1272,v002,TOYOTA,Sedan,2019,Trujillo,11,2177.76,2247.0,1595.21,Si
282,1191,V003,KIA,SUV,2011,lima,30,4180.62,1398.0,1602.63,NO
283,1059,V002,Toyota,Van,2017,Lima,3,3697.47,892.0,1395.68,Si
284,1186,V003,Hyundai,Van,2022,Cusco,26,795.19,1774.0,987.58,SI
285,1303,v002,Kia,sedan,2021,Lima,21,5236.26,2191.0,1775.66,SI
286,1040,V002,KIA,sedan,2023,Cusco,13,889.24,1392.0,101.69,No
287,1286,v001,HYUNDAI,sedan,2011,Trujillo,20,3512.1,804.0,1492.19,NO
288,1081,V004,Hyundai,Van,2023,Arequipa,13,2535.4,946.0,203.06,NO
289,1103,V001,HYUNDAI,Sedan,2010,Cusco,20,4306.29,2255.0,193.6,Si
290,1273,V004,KIA,SUV,2011,lima,16,5713.59,2821.0,729.77,SI
291,1229,V004,Hyundai,suv,2016,Cusco,21,3638.0,2114.0,640.75,
292,1024,v001,HYUNDAI,suv,2021,Lima,16,968.2,760.0,1009.64,SI
293,1052,v001,Kia,sedan,2013,Arequipa,27,4717.48,2767.0,667.09,SI
294,1306,v001,Kia,sedan,2024,Arequipa,8,2027.96,1494.0,203.58,Si
295,1127,v002,Hyundai,,2013,,23,2807.5,509.0,725.12,NO
296,1017,v002,Toyota,,2019,,4,1968.72,,966.27,Sí
297,1308,V003,TOYOTA,sedan,2012,Arequipa,10,627.82,65.0,813.9,SI
298,1152,v002,TOYOTA,SUV,2018,lima,16,2129.72,2706.0,639.2,Sí
299,1067,V003,TOYOTA,Pickup,2020,Lima,29,3417.47,2202.0,420.57,SI
300,1236,V003,HYUNDAI,Pickup,2016,Lima,28,2175.67,1447.0,1181.56,Sí
301,1379,v002,Hyundai,Sedan,2015,Lima,16,3174.26,1259.0,1640.31,Sí
302,1270,V001,HYUNDAI,SUV,2014,lima,1,1309.3,339.0,1572.99,NO
303,1011,V004,TOYOTA,Van,2022,Lima,5,4885.74,668.0,823.77,Sí
304,1017,v001,KIA,Pickup,2018,Cusco,12,4925.5,251.0,469.67,Sí
305,1211,v002,Hyundai,Sedan,2011,Trujillo,7,3615.24,12.0,193.47,No
306,1367,V004,Toyota,suv,2021,Arequipa,28,2756.71,2042.0,72.24,SI
307,1039,V002,Toyota,suv,2012,Cusco,14,4700.91,2849.0,506.76,No
308,1207,V003,Kia,Pickup,2019,Trujillo,12,424.28,407.0,531.6,Si
309,1162,V003,HYUNDAI,Sedan,2011,Lima,18,5877.43,1514.0,944.3,No
310,1124,,Toyota,,2023,Arequipa,17,2936.56,458.0,137.76,NO
311,1284,V004,TOYOTA,SUV,2010,Arequipa,1,5688.05,2387.0,714.27,No
312,1258,v002,Hyundai,SUV,2017,Cusco,26,5388.18,1282.0,852.3,Sí
313,1215,,Kia,sedan,2011,Arequipa,21,3167.23,2562.0,453.13,No
314,1266,V003,HYUNDAI,suv,2024,Cusco,9,,2640.0,1093.42,NO
315,1115,V001,KIA,suv,2021,Arequipa,2,1044.05,492.0,642.5,Si
316,1359,v002,Kia,Sedan,2011,Lima,16,3419.24,2182.0,1753.58,No
317,1292,V003,Kia,SUV,2024,Lima,24,4801.74,2321.0,969.73,Sí
318,1357,V004,Toyota,SUV,2017,Cusco,12,5383.51,418.0,1718.37,NO
319,1229,v002,HYUNDAI,Pickup,2025,lima,18,2094.04,2923.0,1743.92,No
320,1249,V002,KIA,suv,2017,Lima,2,1200.56,412.0,277.17,No
321,1081,V004,Toyota,Van,2018,Lima,15,5130.62,1829.0,557.61,SI
322,1305,V004,TOYOTA,SUV,2019,Trujillo,7,566.41,2586.0,892.2,SI
323,1109,V002,Toyota,Pickup,2023,Arequipa,29,2160.91,1952.0,515.59,Si
324,1187,v001,Toyota,suv,2012,Lima,19,247.91,40.0,166.91,NO
325,1320,V001,KIA,sedan,2010,Lima,5,2436.19,537.0,955.25,NO
326,1183,v002,KIA,Sedan,2019,Trujillo,5,5219.92,2218.0,538.05,No
327,1090,V004,HYUNDAI,Sedan,2021,Arequipa,14,4317.96,1800.0,1632.01,Sí
328,1088,V003,KIA,suv,2016,Arequipa,20,2716.34,2871.0,1070.4,SI
329,1345,v001,HYUNDAI,SUV,2023,Arequipa,15,2301.0,2826.0,247.58,NO
330,1160,v001,Kia,Van,2013,Cusco,1,3486.78,2152.0,1412.09,NO
331,1273,v001,HYUNDAI,Pickup,2019,Lima,22,4232.87,36.0,1732.7,No
332,1021,v001,KIA,SUV,2022,Trujillo,30,1773.68,1994.0,182.22,NO
333,1315,v001,TOYOTA,SUV,2020,lima,9,3123.66,1870.0,925.01,SI
334,1206,v001,Toyota,suv,2015,Cusco,5,3115.5,1869.0,119.43,SI
335,1211,v001,,SUV,2012,Cusco,3,2123.92,169.0,915.02,SI
336,1053,V002,TOYOTA,suv,2021,lima,12,4878.4,2059.0,158.9,Sí
337,1162,v002,Kia,Van,2018,Lima,19,1386.42,714.0,696.99,Sí
338,1241,V004,Kia,Sedan,2025,Arequipa,16,1476.54,1075.0,544.45,
339,1089,V004,Toyota,SUV,2021,Arequipa,15,4117.77,956.0,914.7,
340,1278,V003,Toyota,Pickup,2017,Lima,10,4013.3,1673.0,905.62,Sí
341,1100,,Kia,sedan,2022,Lima,15,2936.42,2866.0,1300.11,SI
342,1198,V003,KIA,Pickup,2010,Lima,5,,441.0,246.1,NO
343,1030,V002,Kia,suv,2015,Trujillo,27,242.74,1646.0,361.12,SI
344,1032,,KIA,sedan,2012,Trujillo,26,5346.34,2178.0,1424.66,NO
345,1288,V002,HYUNDAI,Sedan,2012,Arequipa,8,347.05,362.0,1769.73,No
346,1207,V004,KIA,Pickup,2021,Lima,10,485.58,528.0,1217.18,No
347,1123,v002,TOYOTA,SUV,2023,Lima,22,5736.37,2607.0,784.13,SI
348,1301,V004,TOYOTA,sedan,2015,Arequipa,2,728.83,220.0,560.35,NO
349,1216,,KIA,suv,2012,Lima,5,591.65,855.0,999.19,Sí
350,1320,V001,Kia,Sedan,2013,Arequipa,4,3190.48,1158.0,570.84,No
351,1063,V004,KIA,sedan,2025,Trujillo,7,1116.33,2078.0,88.54,SI
352,1326,V002,Kia,SUV,2010,Trujillo,12,1496.26,432.0,988.22,NO
353,1040,V004,HYUNDAI,suv,2013,Arequipa,20,98.87,69.0,1511.78,No
354,1059,v002,HYUNDAI,suv,2018,Arequipa,4,2484.3,2786.0,424.87,Sí
355,1027,V001,HYUNDAI,SUV,2019,Lima,18,4852.1,1632.0,520.41,NO
356,1235,V003,Kia,sedan,2020,Cusco,17,3845.67,1570.0,414.05,Si
357,1359,V002,Hyundai,SUV,2022,lima,1,2030.38,1731.0,1710.61,No
358,1072,V002,TOYOTA,Sedan,2025,Lima,25,2657.16,1745.0,1002.98,NO
359,1053,V004,HYUNDAI,sedan,2016,lima,7,3928.64,1472.0,959.07,SI
360,1317,v002,Toyota,suv,2012,Arequipa,25,897.72,348.0,506.58,Sí
361,1343,V003,KIA,Pickup,2018,Trujillo,24,5721.2,1802.0,996.69,No
362,1355,v002,Hyundai,Van,2017,Trujillo,8,1215.42,87.0,1326.97,No
363,1384,v002,TOYOTA,Van,2024,Trujillo,27,3455.8,1354.0,1264.54,SI
364,1391,V002,KIA,SUV,2018,Arequipa,-10,5779.03,921.0,1143.15,NO
365,1079,V001,TOYOTA,Pickup,2010,lima,6,4242.57,370.0,158.32,NO
366,1324,V003,HYUNDAI,suv,2012,Arequipa,30,4654.42,2600.0,892.05,No
367,1220,v002,,SUV,2023,Lima,29,2744.38,2879.0,967.66,No
368,1364,V004,TOYOTA,Van,2011,lima,4,1880.23,2808.0,994.52,NO
369,1175,V002,HYUNDAI,SUV,2025,lima,12,1770.4,1198.0,912.21,NO
370,1041,V004,Toyota,Pickup,2013,Lima,17,2561.63,878.0,144.82,SI
371,1069,V004,KIA,Pickup,2021,Arequipa,29,3045.98,1465.0,478.66,
372,1068,V002,Hyundai,,2019,Arequipa,30,861.39,1084.0,1097.87,NO
373,1111,V004,Kia,Pickup,2015,Cusco,24,5479.85,631.0,702.37,No
374,1058,v002,Toyota,Pickup,2020,Lima,26,3853.16,318.0,1680.92,No
375,1182,V001,HYUNDAI,Van,2022,Cusco,20,3959.85,806.0,302.93,Sí
376,1279,V003,Toyota,Pickup,2024,Trujillo,13,5839.63,2938.0,1278.01,NO
377,1375,V001,Toyota,SUV,2016,Cusco,12,192.37,654.0,206.09,No
378,1005,V002,Hyundai,Pickup,2018,Cusco,28,318.13,1784.0,893.04,SI
379,1389,v002,Kia,SUV,2010,Trujillo,9,2942.55,2008.0,1398.89,Si
380,1010,V001,Toyota,SUV,2011,Lima,2,4440.44,532.0,1292.11,Si
381,1142,,Kia,suv,2020,Lima,5,2626.04,2367.0,764.47,Si
382,1070,v001,TOYOTA,Pickup,2018,Cusco,29,4145.64,1746.0,970.06,No
383,1366,V002,Kia,sedan,2024,Lima,3,4638.29,2473.0,742.86,No
384,1027,v001,Hyundai,Pickup,2020,Arequipa,2,5709.28,1992.0,359.9,SI
385,1023,v002,TOYOTA,,2017,Arequipa,9,3219.94,953.0,2.86,SI
386,1072,V001,KIA,Sedan,2023,Lima,27,5182.14,696.0,914.34,Si
387,1126,v001,Kia,Sedan,2021,Arequipa,12,2529.1,838.0,1242.92,Sí
388,1240,V003,Toyota,suv,2025,lima,3,5784.96,2369.0,1698.66,Si
389,1269,V003,Hyundai,,2022,Cusco,19,1849.62,1384.0,1544.16,No
390,1021,v002,HYUNDAI,SUV,2022,Trujillo,11,2872.63,1755.0,433.13,Si
391,1240,V002,HYUNDAI,Sedan,2013,Trujillo,9,1569.36,1029.0,164.68,SI
392,1059,v002,TOYOTA,Pickup,2014,Cusco,4,,1647.0,928.19,NO
393,1340,v002,Toyota,Van,2024,Cusco,21,4607.97,797.0,1068.67,Si
394,1280,v002,KIA,Pickup,2017,Lima,2,2209.34,657.0,336.01,Sí
395,1179,v001,TOYOTA,SUV,2019,Cusco,24,4858.52,237.0,727.5,No
396,1349,V003,Toyota,SUV,2011,Lima,30,3996.99,2978.0,1067.86,SI
397,1399,V004,HYUNDAI,sedan,2014,Lima,27,561.52,1623.0,756.76,No
398,1037,V001,TOYOTA,Pickup,2022,lima,30,1393.66,1359.0,1023.75,Si
399,1065,V004,Kia,suv,2014,lima,14,5473.63,2068.0,916.63,SI
400,1061,V004,HYUNDAI,suv,2014,Trujillo,5,5206.1,951.0,775.51,Si
401,1129,V004,KIA,Sedan,2019,Arequipa,20,5387.67,2644.0,1438.88,No
402,1285,v001,HYUNDAI,Pickup,2020,Trujillo,5,1341.44,568.0,376.97,Sí
403,1095,V002,TOYOTA,sedan,2011,Lima,12,380.72,246.0,495.55,No
404,1224,v001,Kia,suv,2011,Trujillo,28,2343.54,1742.0,85.59,NO
405,1241,V002,KIA,Sedan,2011,Arequipa,7,5312.23,1191.0,100.78,No
406,1258,V004,Kia,Van,2018,Arequipa,20,4009.59,2790.0,907.99,Sí
407,1180,V004,TOYOTA,sedan,2021,lima,1,5602.13,572.0,944.52,No
408,1381,V003,Kia,Sedan,2024,Trujillo,3,3893.33,2316.0,110.67,Si
409,1262,V003,Kia,Van,2011,lima,2,4313.34,198.0,248.65,NO
410,1164,v002,KIA,Sedan,2015,lima,3,,823.0,1356.1,No
411,1228,V002,Kia,Sedan,2020,Cusco,15,3152.62,652.0,1329.04,Sí
412,1180,v001,Hyundai,Sedan,2018,Cusco,11,1338.64,2796.0,438.33,No
413,1246,V003,,Sedan,2015,Arequipa,12,2877.27,361.0,624.25,NO
414,1378,V003,Kia,Van,2024,Trujillo,28,2515.06,-100.0,1435.1,No
415,1037,v001,Toyota,SUV,2011,Arequipa,30,5893.16,210.0,795.87,Sí
416,1085,v001,Kia,,2023,Arequipa,24,5251.61,1047.0,1349.18,NO
417,1089,v002,TOYOTA,suv,2013,lima,4,4392.67,2290.0,1022.41,No
418,1174,V003,Hyundai,Van,2022,Cusco,3,4384.2,429.0,1606.42,SI
419,1316,v001,Kia,Sedan,2022,Lima,18,4483.14,1828.0,265.23,SI
420,1086,v002,Toyota,SUV,2010,Arequipa,17,4821.94,1885.0,921.48,No
421,1277,V002,Toyota,Van,2017,Arequipa,5,2444.42,99.0,1054.43,Si
422,1041,V001,KIA,Pickup,2015,Cusco,30,2932.35,2373.0,1330.32,NO
423,1029,V001,KIA,suv,2014,Lima,12,1986.36,1752.0,936.63,NO
424,1167,V002,,suv,2025,,24,5559.48,1722.0,681.33,Sí
425,1310,v001,TOYOTA,Van,2013,Trujillo,12,5653.4,2470.0,1435.48,No
426,1109,V003,Hyundai,Sedan,2021,Arequipa,28,1455.64,2603.0,981.02,Sí
427,1317,V001,Kia,Pickup,2016,Lima,13,2513.49,1320.0,1258.31,SI
428,1105,V003,Toyota,suv,2017,Cusco,9,3261.81,2281.0,347.49,Sí
429,1079,v001,Toyota,Van,2021,Arequipa,2,3964.65,2221.0,678.74,NO
430,1011,v002,Hyundai,SUV,2016,Lima,27,3730.38,631.0,242.52,No
431,1372,V001,Hyundai,Van,2018,Cusco,11,4642.3,337.0,238.24,
432,1178,V001,KIA,suv,2021,Trujillo,26,2067.0,834.0,556.99,No
433,1022,v002,Hyundai,Van,2010,Trujillo,12,358.96,703.0,330.47,SI
434,1036,V003,KIA,Pickup,2019,Lima,28,3143.86,1505.0,1038.98,Sí
435,1378,V004,Kia,sedan,2020,Cusco,5,5630.19,1559.0,506.02,Si
436,1024,V001,Toyota,Pickup,2021,lima,17,511.71,2568.0,138.52,NO
437,1024,v002,TOYOTA,suv,2015,lima,4,,2705.0,963.66,Sí
438,1302,v002,,sedan,2019,Trujillo,20,4946.43,1140.0,1468.66,No
439,1261,V003,Kia,Pickup,1980,Trujillo,29,3173.42,2486.0,949.26,NO
440,1121,V004,Hyundai,suv,2016,,17,360.05,701.0,26.66,No
441,1305,v002,KIA,suv,2023,Arequipa,10,1743.17,2109.0,1777.38,No
442,1008,,,Pickup,2019,lima,4,597.97,1626.0,973.37,No
443,1295,V003,KIA,sedan,2015,lima,14,4170.75,977.0,983.14,No
444,1275,v001,TOYOTA,sedan,2014,Cusco,1,,2434.0,1625.15,Si
445,1041,v002,Toyota,sedan,2020,lima,27,1002.58,1297.0,540.33,Si
446,1392,v002,HYUNDAI,Pickup,2020,Cusco,20,4305.09,1666.0,419.71,NO
447,1028,V003,HYUNDAI,sedan,2021,Cusco,1,3531.07,2593.0,1783.65,Sí
448,1249,V001,Kia,,2024,Lima,9,2454.18,2005.0,1770.14,Sí
449,1325,V003,KIA,suv,2014,Cusco,23,4439.98,686.0,1467.36,SI
450,1146,V001,Hyundai,SUV,2015,Lima,27,3485.52,1808.0,969.92,
451,1082,v002,Kia,sedan,2010,Arequipa,16,982.45,1589.0,1536.1,No
452,1257,V002,HYUNDAI,SUV,2020,Cusco,13,,600.0,867.93,SI
453,1097,V003,Kia,suv,2010,Lima,8,2917.86,1396.0,1637.35,NO
454,1357,V003,TOYOTA,Sedan,2014,lima,16,5319.68,2443.0,542.29,Si
455,1338,V003,KIA,Pickup,2017,Lima,14,928.24,682.0,328.41,No
456,1033,V003,KIA,SUV,2018,Trujillo,25,1571.15,1294.0,953.69,NO
457,1078,v001,TOYOTA,suv,2022,Trujillo,12,,2735.0,531.01,Si
458,1220,v001,KIA,sedan,2018,Arequipa,19,3520.23,183.0,1168.42,Si
459,1006,V004,Toyota,Van,2010,Lima,20,1110.32,629.0,779.62,Si
460,1245,v002,Toyota,Van,2012,Trujillo,2,4868.19,1116.0,39.86,Sí
461,1104,V003,Toyota,Van,2010,Arequipa,17,2775.27,934.0,389.45,Sí
462,1153,V002,Hyundai,suv,2017,lima,16,4241.05,114.0,332.41,SI
463,1004,V003,HYUNDAI,sedan,2016,Cusco,28,2150.0,845.0,223.4,Si
464,1267,v002,Toyota,sedan,2016,Lima,26,4821.22,2336.0,725.42,Si
465,1097,V001,KIA,suv,2022,Lima,17,903.24,702.0,136.0,Sí
466,1399,V003,,SUV,2013,lima,10,3584.33,216.0,888.39,
467,1076,V001,Toyota,Pickup,2011,Arequipa,18,5011.54,553.0,1515.75,No
468,1121,V002,Kia,Van,2021,Trujillo,27,942.7,1978.0,1545.22,NO
469,1003,V003,TOYOTA,Sedan,2021,Cusco,21,271.74,1436.0,1292.33,No
470,1395,V002,Kia,Sedan,2020,lima,6,3414.32,1385.0,963.85,SI
471,1243,V003,HYUNDAI,Sedan,2015,lima,20,4206.84,2985.0,62.0,No
472,1173,v001,Hyundai,Van,2020,Cusco,1,3944.78,1246.0,693.8,Si
473,1367,v001,Toyota,Sedan,2020,Cusco,6,1870.38,,30.38,Sí
474,1063,V002,Kia,Van,2018,Arequipa,24,1143.87,250.0,1282.46,NO
475,1372,V004,Toyota,SUV,2014,Trujillo,4,3787.01,1966.0,1402.87,Sí
476,1081,v002,TOYOTA,sedan,2025,Arequipa,18,157.61,2048.0,877.56,No
477,1050,V001,,Van,2022,Arequipa,27,1702.85,2458.0,498.11,
478,1300,v001,Toyota,Pickup,2012,lima,17,2841.48,2007.0,1750.74,No
479,1394,V002,Kia,SUV,2012,Lima,24,5027.04,1849.0,1400.9,SI
480,1321,V003,Kia,Pickup,2023,Lima,9,1851.04,1930.0,513.7,
481,1259,V003,TOYOTA,sedan,2012,Arequipa,29,,2151.0,408.17,No
482,1157,V001,Toyota,sedan,2014,Cusco,2,2186.4,2923.0,1503.61,SI
483,1254,,Hyundai,sedan,2017,lima,14,4381.96,2405.0,1536.12,SI
484,1103,V001,KIA,suv,2013,Lima,28,4914.21,708.0,127.03,SI
485,1142,V004,TOYOTA,Van,2025,,6,2547.79,1886.0,478.85,Sí
486,1255,v001,TOYOTA,sedan,2024,Cusco,22,3368.93,1554.0,561.2,Si
487,1292,V003,Toyota,SUV,2011,Arequipa,23,4385.59,1716.0,1091.8,SI
488,1289,v002,Kia,suv,2013,Lima,1,,567.0,1543.53,SI
489,1130,v002,TOYOTA,Van,2020,Lima,28,3359.53,1837.0,1680.06,NO
490,1005,v002,HYUNDAI,sedan,2016,Trujillo,21,4191.92,2788.0,1649.51,NO
491,1375,,HYUNDAI,suv,2024,lima,26,5314.53,1083.0,818.25,No
492,1276,V003,Toyota,suv,2022,Trujillo,5,1925.94,1096.0,1245.5,No
493,1262,v001,HYUNDAI,Sedan,2011,lima,12,4422.72,238.0,1379.72,No
494,1044,v001,Toyota,Pickup,2013,Lima,10,3027.8,1561.0,1562.36,No
495,1233,v001,TOYOTA,Van,2025,lima,28,5190.06,2653.0,1555.5,NO
496,1156,V002,Kia,Sedan,2024,Trujillo,19,657.89,2637.0,1567.92,NO
497,1180,V002,Kia,SUV,2023,Trujillo,14,,746.0,972.44,Sí
498,1273,V001,KIA,SUV,2014,Trujillo,7,4145.99,145.0,666.9,SI
499,1321,V004,Toyota,suv,2021,Cusco,25,5224.49,1011.0,1502.2,NO
500,1344,V004,TOYOTA,suv,2010,Arequipa,5,1384.52,2864.0,366.82,Si
501,1273,V004,HYUNDAI,Pickup,2017,Arequipa,20,4408.04,675.0,495.44,Sí
502,1156,V003,HYUNDAI,Van,2012,Cusco,25,1888.86,716.0,1385.89,NO
503,1025,V004,Hyundai,suv,2021,Cusco,22,2190.75,1375.0,1273.17,No
504,1088,v002,TOYOTA,sedan,2014,Arequipa,26,993.37,2011.0,1091.13,Si
505,1228,V001,HYUNDAI,suv,2012,Trujillo,13,2086.9,987.0,1446.31,Si
506,1260,V002,Toyota,Van,2018,Arequipa,24,1974.19,1854.0,953.91,NO
507,1038,V004,HYUNDAI,Van,2010,Arequipa,11,2366.2,2761.0,464.08,No
508,1189,V004,TOYOTA,SUV,2025,Lima,6,5607.46,1621.0,331.28,Sí
509,1332,V002,Kia,sedan,2016,Cusco,15,1802.86,2551.0,1223.4,Si
510,1300,v001,Kia,SUV,2013,Trujillo,4,4509.62,848.0,949.5,Sí
511,1010,V001,Kia,Sedan,2010,Cusco,18,5782.41,2382.0,784.11,Sí
512,1198,V003,Toyota,Van,2015,Cusco,25,3644.11,1706.0,1409.35,NO
513,1089,V002,Kia,sedan,2025,Lima,20,4598.38,1267.0,1756.01,NO
514,1094,v001,Hyundai,sedan,2018,Trujillo,24,5103.01,2436.0,1695.11,Si
515,1175,v002,,suv,2012,Trujillo,11,3702.26,,480.31,SI
516,1389,V001,TOYOTA,sedan,2011,Arequipa,2,2186.61,1619.0,185.32,SI
517,1197,V004,HYUNDAI,Pickup,2014,lima,29,2251.14,1545.0,152.25,Sí
518,1172,V002,KIA,sedan,2014,Trujillo,26,2036.85,2034.0,71.41,Si
519,1057,V004,Hyundai,Van,2021,Cusco,16,5486.45,465.0,1696.87,Sí
520,1195,v001,HYUNDAI,Sedan,2019,Trujillo,25,4370.18,158.0,640.1,Si
521,1058,v002,Toyota,Sedan,2022,Arequipa,15,2629.21,534.0,291.13,Sí
522,1135,V003,,sedan,2011,Lima,1,2155.93,1976.0,173.75,Si
523,1098,v002,Kia,SUV,2016,Cusco,20,2327.34,570.0,333.52,No
524,1250,v002,KIA,Van,2019,lima,13,2030.22,2562.0,364.25,No
525,1324,v002,KIA,Sedan,2017,Lima,14,5745.26,2480.0,1729.64,Si
526,1061,v001,Hyundai,Sedan,2021,Arequipa,26,2239.03,1557.0,1088.33,SI
527,1241,V001,Kia,SUV,2023,Arequipa,12,4667.92,2331.0,1205.42,Si
528,1010,v001,Toyota,Sedan,2022,Trujillo,4,2662.57,132.0,1238.83,Sí
529,1219,V003,HYUNDAI,Sedan,2018,Cusco,29,4669.5,2809.0,414.42,Si
530,1066,V001,Toyota,suv,2025,,17,3134.79,2427.0,148.67,NO
531,1314,v002,Kia,SUV,2023,Lima,11,4582.02,158.0,906.79,Sí
532,1330,v002,KIA,SUV,2010,Arequipa,3,3656.29,1206.0,281.46,NO
533,1101,v001,Kia,Pickup,2016,Cusco,23,2834.94,721.0,872.56,SI
534,1009,V002,TOYOTA,suv,2021,Lima,30,1205.1,2406.0,293.03,No
535,1047,V004,HYUNDAI,Van,2014,Lima,15,2529.7,2960.0,1657.12,SI
536,1045,V002,KIA,Pickup,2019,Arequipa,25,471.15,905.0,1689.72,NO
537,1121,V001,Hyundai,Pickup,2017,Lima,13,293.9,1071.0,1574.91,SI
538,1397,V002,Toyota,Pickup,2014,lima,23,,1344.0,951.7,No
539,1323,V004,Kia,Pickup,2015,Lima,10,4464.81,1031.0,15.64,Si
540,1190,v001,TOYOTA,Pickup,2012,Arequipa,29,963.63,1322.0,1016.09,NO
541,1227,v001,Kia,SUV,2010,Cusco,8,2028.68,965.0,1047.6,No
542,1374,v001,KIA,Sedan,2015,Trujillo,19,3659.55,318.0,663.86,Si
543,1146,V003,Toyota,sedan,2023,Arequipa,30,120.58,1003.0,400.39,Si
544,1149,v001,Toyota,Pickup,2018,Trujillo,10,2991.33,1934.0,1006.55,Sí
545,1102,V004,Kia,Van,2024,Arequipa,6,1228.16,1977.0,29.5,Si
546,1164,v002,Kia,SUV,2015,Trujillo,17,3467.62,95.0,887.89,Si
547,1211,V001,Kia,sedan,2020,Lima,22,3794.4,2528.0,1006.45,No
548,1078,,KIA,sedan,2017,,12,1616.99,1136.0,1226.82,NO
549,1074,V001,KIA,suv,2020,Arequipa,7,1988.37,99999.0,1160.98,NO
550,1098,V003,HYUNDAI,Pickup,2019,Arequipa,19,2084.34,1300.0,1774.66,Sí
551,1279,V003,Kia,Van,2020,Cusco,3,5171.57,1910.0,1036.17,No
552,1313,V002,Kia,SUV,2020,lima,13,3037.05,,287.63,No
553,1076,v001,KIA,suv,2024,Trujillo,18,3695.22,1570.0,1332.15,No
554,1237,V002,Toyota,Pickup,2020,Cusco,28,1882.93,1572.0,1403.8,Si
555,1290,V004,TOYOTA,Pickup,2010,Cusco,25,4867.01,1462.0,1456.67,Sí
556,1392,v001,KIA,Sedan,2015,Lima,8,5001.1,1885.0,695.29,SI
557,1301,V001,Hyundai,sedan,2011,Lima,14,3773.5,305.0,685.58,Sí
558,1066,v002,Kia,sedan,2011,Cusco,26,2289.1,2525.0,675.79,Si
559,1355,v002,Toyota,Van,2024,Arequipa,9,5209.22,2389.0,1202.07,NO
560,1251,v002,Kia,Van,2025,Lima,27,911.84,33.0,243.91,Si
561,1052,v002,Kia,sedan,2015,Cusco,5,3173.89,2097.0,716.22,No
562,1163,V004,KIA,Sedan,2020,Arequipa,14,2858.53,1402.0,1297.07,Sí
563,1193,v001,KIA,Pickup,2010,Trujillo,7,5138.95,2215.0,1281.77,Si
564,1200,V002,Kia,SUV,2017,Cusco,10,1873.77,2935.0,767.11,
565,1242,V001,HYUNDAI,Sedan,2016,Cusco,26,5359.65,245.0,213.34,NO
566,1187,V001,Hyundai,Van,2018,Cusco,30,5431.6,116.0,240.93,NO
567,1060,V003,Hyundai,Sedan,2015,Cusco,16,1088.19,633.0,1322.16,NO
568,1222,V002,TOYOTA,,2025,Lima,24,861.73,1515.0,1006.48,NO
569,1377,v001,Kia,Pickup,1970,Lima,30,772.23,1181.0,577.49,Sí
570,1372,V002,TOYOTA,sedan,2014,lima,18,3553.84,1721.0,974.43,SI
571,1006,v001,KIA,SUV,2017,Lima,8,3707.3,1948.0,1489.61,SI
572,1285,v002,Hyundai,Sedan,2024,lima,30,489.15,2412.0,692.39,Si
573,1054,V002,Toyota,Sedan,2018,,1,542.22,1447.0,1353.48,NO
574,1215,V003,TOYOTA,SUV,2017,lima,7,4648.14,76.0,1496.81,SI
575,1100,v001,TOYOTA,sedan,2025,lima,21,373.69,2930.0,429.33,Si
576,1162,v001,Kia,,2013,Arequipa,9,1437.63,1256.0,1782.85,Sí
577,1379,V002,KIA,sedan,2013,lima,15,3290.21,511.0,952.52,Si
578,1293,v001,KIA,SUV,2025,lima,11,5898.79,1019.0,683.66,Si
579,1291,V001,TOYOTA,sedan,2016,Trujillo,1,4982.3,2757.0,24.42,SI
580,1252,V002,HYUNDAI,,2014,lima,10,5403.91,1365.0,380.77,NO
581,1048,V001,KIA,Sedan,2021,Arequipa,16,5028.0,831.0,139.2,NO
582,1240,v001,HYUNDAI,Van,2017,Trujillo,19,4940.86,625.0,1677.68,SI
583,1124,v001,Toyota,Sedan,2010,lima,16,5732.53,2058.0,489.31,Sí
584,1049,V001,Kia,Pickup,2019,Trujillo,2,4834.22,2400.0,886.55,No
585,1054,V003,HYUNDAI,sedan,2014,Lima,27,4566.01,883.0,462.6,Si
586,1265,V001,Kia,Van,2019,Cusco,20,1914.55,1907.0,1082.21,
587,1260,v002,HYUNDAI,SUV,2011,Lima,-2,4941.36,832.0,1293.06,Si
588,1293,V004,Toyota,SUV,2010,Arequipa,20,2098.26,2853.0,1183.86,Si
589,1382,V002,Hyundai,Pickup,2012,Cusco,29,1600.11,1219.0,1538.76,No
590,1206,V002,HYUNDAI,Sedan,2018,Lima,24,3123.45,1317.0,918.86,Si
591,1151,v002,TOYOTA,sedan,2024,Lima,24,566.94,252.0,916.19,Si
592,1333,V002,TOYOTA,sedan,2025,Trujillo,15,4423.55,930.0,1359.79,NO
593,1356,V001,Toyota,Van,2011,Trujillo,1,4969.2,2496.0,1645.06,SI
594,1134,V001,,suv,2023,Cusco,6,3945.57,2026.0,71.0,SI
595,1168,V001,Toyota,Van,2025,Trujillo,3,5747.06,623.0,1027.65,No
596,1290,V004,Hyundai,Van,2013,Arequipa,3,1906.7,2723.0,1385.22,No
597,1150,V004,Hyundai,sedan,2024,Trujillo,10,4784.83,2519.0,838.99,NO
598,1077,V004,HYUNDAI,Sedan,2017,lima,5,3005.4,2376.0,286.2,Sí
599,1372,V001,Kia,sedan,2021,Arequipa,10,4645.98,1760.0,421.53,No
600,1161,V003,Toyota,SUV,2022,Lima,17,2523.54,1881.0,714.66,Si
601,1107,V004,TOYOTA,Van,2019,Cusco,7,4930.05,625.0,844.36,SI
602,1169,,Hyundai,SUV,2014,Trujillo,6,4430.94,477.0,1589.45,SI
603,1039,v001,HYUNDAI,Van,2016,Trujillo,7,5110.33,2637.0,1251.69,Sí
604,1202,V002,Toyota,sedan,2019,Lima,18,3726.19,1153.0,881.21,SI
605,1230,V004,HYUNDAI,SUV,2024,Trujillo,10,5789.41,2349.0,672.15,No
606,1074,V002,Kia,Van,2023,Cusco,19,5414.85,100000.0,301.68,Sí
607,1164,v002,TOYOTA,Pickup,2018,Arequipa,13,213.61,290.0,560.96,Si
608,1333,,Toyota,suv,2014,Lima,24,1669.26,2355.0,346.49,SI
609,1177,V004,KIA,Sedan,2014,lima,2,5641.94,204.0,1633.54,NO
610,1150,v002,TOYOTA,Pickup,2015,Trujillo,22,2176.34,1503.0,1213.79,Sí
611,1002,V004,Toyota,Pickup,2018,Lima,23,1905.0,2980.0,27.43,Si
612,1210,V004,Hyundai,SUV,2013,Cusco,16,2214.63,996.0,1017.21,SI
613,1078,V001,KIA,sedan,2019,Cusco,4,1060.31,666.0,1535.8,NO
614,1096,v002,Toyota,Pickup,2013,Arequipa,18,2625.98,1820.0,1081.48,Si
615,1301,v002,Toyota,SUV,2012,Arequipa,26,3009.81,2686.0,1654.45,NO
616,1077,v002,Kia,suv,2019,Lima,27,4118.33,2732.0,320.93,Si
617,1229,v002,TOYOTA,SUV,2012,Cusco,13,,658.0,825.19,No
618,1019,V003,Kia,SUV,2016,lima,11,679.12,481.0,389.09,SI
619,1021,V004,Hyundai,Van,2011,Cusco,18,4030.25,2296.0,951.22,Si
620,1060,V002,HYUNDAI,Pickup,2012,Cusco,19,3330.82,1669.0,380.06,SI
621,1028,v002,KIA,SUV,2020,Lima,10,2823.13,2616.0,181.92,NO
622,1027,,TOYOTA,SUV,2025,Cusco,25,2402.01,1062.0,960.68,NO
623,1373,V003,KIA,sedan,2016,Arequipa,24,1192.97,1040.0,5.52,SI
624,1086,V002,Kia,Van,2021,Lima,11,1732.71,1283.0,541.54,SI
625,1264,v001,Toyota,Pickup,2010,Lima,4,1466.37,249.0,359.13,Sí
626,1201,V003,HYUNDAI,Sedan,2014,Cusco,13,2231.06,1554.0,393.27,Sí
627,1075,V003,KIA,Sedan,2023,lima,4,2562.28,420.0,419.49,Si
628,1320,v001,HYUNDAI,Pickup,2012,Lima,8,,512.0,658.19,No
629,1261,v002,TOYOTA,SUV,2020,Arequipa,23,1321.23,2636.0,1335.25,Si
630,1334,V004,TOYOTA,SUV,2020,lima,26,4411.08,849.0,790.27,NO
631,1024,V003,Toyota,Pickup,2013,Arequipa,24,1057.19,2085.0,1681.46,SI
632,1257,V003,Toyota,Van,2022,lima,27,,2715.0,1331.22,NO
633,1047,V002,Kia,Sedan,2010,Arequipa,22,1509.97,1378.0,16.95,No
634,1346,V001,KIA,Van,2020,lima,25,2466.01,1973.0,376.23,SI
635,1183,V002,Hyundai,suv,2010,lima,15,1212.18,393.0,794.99,SI
636,1233,V001,KIA,Van,2013,Cusco,18,5466.83,164.0,1000.58,Si
637,1251,V004,Toyota,suv,2016,Trujillo,6,2794.58,2590.0,669.97,No
638,1102,V002,Hyundai,Sedan,2017,lima,25,2712.64,1311.0,403.57,No
639,1004,V001,Toyota,Pickup,2023,lima,15,3173.93,468.0,560.81,No
640,1195,v002,Hyundai,sedan,2018,Trujillo,23,1805.8,60.0,1777.38,No
641,1251,V003,,Pickup,2022,Lima,11,5265.35,101.0,1232.87,SI
642,1218,V003,TOYOTA,Sedan,2024,Trujillo,28,3596.61,494.0,682.56,No
643,1029,V001,Toyota,sedan,2015,Cusco,27,3851.04,1759.0,646.44,No
644,1067,V001,Toyota,Van,2024,Lima,1,5776.22,675.0,897.25,Sí
645,1380,V003,Toyota,sedan,2018,Lima,12,4846.75,1696.0,1232.88,SI
646,1202,v002,HYUNDAI,Pickup,2018,lima,3,5319.68,1390.0,1619.41,NO
647,1391,V003,,Pickup,2019,Lima,14,5827.05,,1015.87,NO
648,1182,V001,Hyundai,suv,2017,Lima,18,4615.78,383.0,105.5,Sí
649,1314,V002,TOYOTA,Sedan,2021,Lima,24,3602.16,964.0,467.95,Sí
650,1312,V001,Hyundai,SUV,2018,Trujillo,13,1691.55,1634.0,337.76,Si
651,1382,v001,KIA,,2020,Arequipa,23,1904.35,1613.0,174.39,No
652,1282,V002,Kia,suv,2011,Trujillo,8,992.65,1959.0,419.69,NO
653,1355,V003,Toyota,sedan,2017,lima,20,2933.32,2474.0,160.26,SI
654,1165,V001,,Van,2011,Cusco,26,1297.04,1810.0,1073.71,No
655,1295,V001,,suv,2017,Trujillo,19,3843.45,536.0,1172.27,No
656,1040,V001,HYUNDAI,Pickup,2017,Trujillo,26,499.65,2034.0,823.34,SI
657,1159,V001,Toyota,,2016,lima,19,2776.92,,443.11,Si
658,1370,V003,TOYOTA,Pickup,2019,Trujillo,12,5699.38,2729.0,1079.9,NO
659,1175,V003,HYUNDAI,suv,2012,Lima,26,4166.54,1674.0,193.24,NO
660,1334,v002,,Pickup,2024,Trujillo,22,2242.93,183.0,13.6,No
661,1108,V004,TOYOTA,Van,2022,Lima,7,2754.63,367.0,1015.43,NO
662,1309,v001,HYUNDAI,sedan,2022,Cusco,9,3204.34,1373.0,1040.76,SI
663,1131,V002,HYUNDAI,Pickup,2024,lima,4,1863.1,,1414.68,NO
664,1153,v002,Kia,SUV,2023,Lima,17,5008.58,1473.0,155.12,NO
665,1159,V004,HYUNDAI,suv,2015,Cusco,21,354.13,,1406.91,NO
666,1143,v001,Kia,Pickup,2019,Lima,27,1164.62,463.0,1282.11,NO
667,1374,v002,Kia,suv,2024,Lima,14,1733.93,1479.0,11.82,Sí
668,1292,v002,Hyundai,SUV,2013,Cusco,27,4749.55,212.0,621.52,Si
669,1074,V003,Kia,Sedan,2025,Cusco,4,4292.17,1365.0,559.38,No
670,1019,V001,TOYOTA,Pickup,2025,Lima,29,5359.08,1865.0,1459.26,Sí
671,1233,V004,HYUNDAI,Van,2024,,12,1250.49,607.0,1655.72,No
672,1045,V004,HYUNDAI,Sedan,2022,Arequipa,7,1566.04,1379.0,1485.09,Sí
673,1232,V001,Kia,Pickup,2011,Cusco,25,3410.35,2798.0,127.56,Sí
674,1193,v001,TOYOTA,suv,2011,Trujillo,26,3650.84,,672.39,SI
675,1113,V002,KIA,suv,2012,Trujillo,14,1120.5,143.0,131.49,SI
676,1298,V002,Kia,Pickup,2016,Trujillo,7,5766.83,1221.0,1415.4,Sí
677,1290,V004,TOYOTA,Van,2013,lima,29,1088.5,2061.0,1358.13,Sí
678,1173,V002,HYUNDAI,SUV,2021,,3,2182.91,675.0,452.65,Si
679,1041,V004,Kia,SUV,2011,Cusco,15,2910.24,221.0,1059.27,No
680,1024,V004,HYUNDAI,SUV,2023,Cusco,8,4885.47,2240.0,1330.61,SI
681,1114,v001,HYUNDAI,SUV,2018,lima,6,4048.59,374.0,1476.4,No
682,1149,v002,HYUNDAI,Sedan,2024,Cusco,20,1614.96,2203.0,1229.87,No
683,1155,v001,Toyota,Van,2014,,19,3702.37,,1440.37,Si
684,1068,V003,KIA,Van,2022,Lima,26,3185.89,624.0,1594.09,SI
685,1353,v002,KIA,SUV,2019,Arequipa,16,,614.0,437.07,NO
686,1148,v001,Toyota,Sedan,2024,Cusco,20,486.62,252.0,1681.95,Si
687,1055,V001,KIA,Sedan,2021,Arequipa,25,1405.54,138.0,237.61,Sí
688,1221,V004,KIA,Pickup,2011,,1,2824.15,819.0,499.48,Sí
689,1362,V003,HYUNDAI,sedan,2016,Trujillo,5,2829.69,477.0,376.72,No
690,1292,v001,Kia,sedan,2025,Arequipa,23,190.7,,1262.03,No
691,1398,V003,TOYOTA,SUV,2025,lima,5,2161.77,1522.0,367.25,No
692,1074,V004,HYUNDAI,sedan,2020,Trujillo,10,3708.11,137.0,617.0,SI
693,1113,V001,Kia,Sedan,2014,Lima,9,4693.22,1273.0,595.71,Si
694,1244,v002,Toyota,suv,2022,lima,13,5293.4,2310.0,119.46,No
695,1131,V003,HYUNDAI,sedan,2011,Cusco,18,480.84,1661.0,127.22,NO
696,1062,V002,KIA,sedan,2015,lima,27,816.99,2372.0,1154.55,SI
697,1140,v002,Toyota,sedan,2023,Cusco,12,2711.46,368.0,1798.61,Sí
698,1328,V004,Toyota,Sedan,2016,Cusco,4,5354.16,1015.0,1603.33,Si
699,1255,V002,Toyota,Van,2014,Trujillo,7,194.36,1549.0,591.87,SI
700,1267,V002,HYUNDAI,Sedan,2020,Lima,20,2559.09,808.0,1738.33,Sí
701,1312,V004,HYUNDAI,suv,2022,Lima,6,2844.85,,1722.77,Si
702,1013,V004,Hyundai,Sedan,2021,Lima,7,4723.82,2058.0,61.82,Sí
703,1016,V004,Hyundai,SUV,2018,Trujillo,25,431.09,538.0,41.13,No
704,1125,v001,Hyundai,Van,2021,Trujillo,26,5958.66,2635.0,1620.55,NO
705,1030,V004,KIA,Van,2035,,26,914.24,2991.0,176.64,NO
706,1112,V004,HYUNDAI,sedan,2015,lima,11,2007.0,680.0,527.56,No
707,1099,V001,KIA,Sedan,2023,Arequipa,15,2485.4,1447.0,278.79,SI
708,1358,V002,Toyota,Van,2023,Cusco,26,487.38,70.0,813.28,Sí
709,1257,V002,Kia,SUV,2015,Cusco,24,1190.92,1646.0,726.09,Sí
710,1145,V004,KIA,Van,2022,lima,20,3197.03,854.0,1550.82,NO
711,1172,v001,KIA,sedan,2017,Arequipa,22,2769.56,1046.0,1614.78,Sí
712,1214,V004,Toyota,sedan,2015,Arequipa,19,4728.35,1518.0,279.32,SI
713,1318,V003,Toyota,Sedan,2019,Lima,15,2663.06,440.0,1280.76,SI
714,1157,V002,Toyota,Pickup,2021,Cusco,5,193.6,2037.0,1157.25,Sí
715,1179,v001,Toyota,SUV,2019,Cusco,7,4991.46,-50.0,1012.84,No
716,1347,,Kia,suv,2025,Cusco,19,5696.28,2834.0,738.97,No
717,1304,V004,Toyota,Sedan,2024,Trujillo,5,,2242.0,1279.15,SI
718,1319,v001,KIA,SUV,2022,Lima,17,1871.37,2041.0,846.3,SI
719,1397,V001,HYUNDAI,Pickup,2021,Arequipa,17,1098.27,2020.0,803.19,No
720,1299,v001,Hyundai,Pickup,2013,Trujillo,19,3545.9,1230.0,1328.49,NO
721,1391,V002,KIA,sedan,2020,Arequipa,18,437.1,2696.0,822.26,NO
722,1086,v001,Hyundai,sedan,2015,Arequipa,27,5701.24,2666.0,1469.41,SI
723,1142,V003,HYUNDAI,Sedan,2022,lima,8,2898.21,416.0,861.57,Sí
724,1325,V004,Toyota,,2011,Lima,9,5866.59,1747.0,1553.17,Si
725,1234,V002,KIA,SUV,2025,Arequipa,11,2087.2,673.0,1402.17,No
726,1378,V004,KIA,sedan,2011,Trujillo,22,5953.73,1759.0,789.49,SI
727,1041,V002,Hyundai,SUV,2024,Cusco,22,2592.88,,1549.53,No
728,1344,v002,TOYOTA,Sedan,2010,Lima,29,495.87,1654.0,854.69,NO
729,1266,V001,KIA,suv,2010,Trujillo,12,2332.79,480.0,1530.64,No
730,1351,v001,KIA,Pickup,2023,Cusco,28,3218.38,1241.0,1166.49,NO
731,1177,v002,Hyundai,sedan,2023,Lima,21,1617.56,1186.0,982.49,No
732,1166,,TOYOTA,suv,2011,lima,1,457.82,2518.0,72.28,SI
733,1384,V003,Hyundai,Pickup,2013,Cusco,4,5823.13,834.0,138.12,NO
734,1011,v002,Hyundai,suv,2013,lima,13,201.72,183.0,176.03,NO
735,1130,v001,HYUNDAI,SUV,2024,Arequipa,21,5978.47,1105.0,55.78,NO
736,1326,v001,TOYOTA,Sedan,2012,lima,1,4169.17,277.0,1677.51,No
737,1263,V002,HYUNDAI,suv,2013,Arequipa,365,1575.89,1842.0,1156.02,Si
738,1278,v002,KIA,Sedan,2024,Arequipa,24,2713.62,2938.0,1235.88,Si
739,1307,V002,Hyundai,SUV,2025,Lima,18,4548.37,2448.0,1210.62,Sí
740,1021,V002,Kia,SUV,2021,lima,17,4134.11,590.0,1180.47,NO
741,1101,v002,TOYOTA,Pickup,2010,Lima,28,1400.85,2645.0,466.68,Si
742,1040,v002,Hyundai,,2023,Trujillo,18,3795.28,2169.0,353.74,NO
743,1322,V004,Kia,suv,2019,Lima,7,272.46,2045.0,1013.63,SI
744,1342,V004,HYUNDAI,Sedan,2013,Trujillo,27,905.8,643.0,1641.59,NO
745,1273,V004,Toyota,suv,2018,Cusco,24,2909.28,2167.0,576.92,SI
746,1342,v001,,suv,2023,lima,20,3181.81,878.0,149.08,SI
747,1385,v002,HYUNDAI,sedan,2013,Trujillo,11,4065.21,1370.0,632.67,Si
748,1124,V002,KIA,Sedan,2023,Cusco,14,1865.73,2220.0,1398.64,No
749,1017,V001,KIA,Sedan,2011,Lima,-20,2629.24,2659.0,406.68,Sí
750,1274,V003,KIA,suv,2010,lima,29,194.78,1068.0,603.67,No
751,1257,V001,TOYOTA,Van,2017,lima,20,4106.74,2888.0,436.99,No
752,1201,v001,Toyota,sedan,2022,lima,18,4772.41,1000000.0,596.27,Si
753,1140,V001,HYUNDAI,Van,2025,Arequipa,26,3114.2,2183.0,1178.55,Si
754,1118,v002,HYUNDAI,Sedan,2024,lima,9,5543.62,1917.0,1001.87,SI
755,1025,V002,Toyota,sedan,2020,lima,20,1841.66,57.0,602.39,Sí
756,1186,V004,TOYOTA,Sedan,2020,Lima,11,2233.37,,1224.7,NO
757,1280,V003,KIA,suv,2025,Cusco,18,3359.91,1653.0,244.79,Si
758,1280,V001,KIA,suv,2025,lima,19,1093.77,52.0,1429.35,No
759,1129,V002,,Pickup,2021,Arequipa,22,5851.9,1294.0,722.18,SI
760,1295,V001,Toyota,sedan,2016,Cusco,11,2850.58,1350.0,1135.22,NO
761,1381,v001,HYUNDAI,Sedan,1900,Arequipa,28,,2300.0,401.07,Si
762,1202,V002,KIA,sedan,2017,Cusco,8,4635.42,1382.0,1147.56,Si
763,1154,V004,Hyundai,suv,2016,lima,12,722.99,279.0,1652.18,NO
764,1053,v002,,sedan,2024,Trujillo,24,1288.18,2927.0,711.84,No
765,1377,V002,KIA,SUV,2010,Lima,25,,1603.0,1502.65,NO
766,1270,V002,KIA,Pickup,2024,Arequipa,28,5819.17,1612.0,1442.3,SI
767,1027,V003,Toyota,,2022,Trujillo,10,1566.89,773.0,822.72,Sí
768,1373,V001,Hyundai,Pickup,2015,lima,13,1893.55,844.0,1660.75,Sí
769,1062,V002,Toyota,,2014,Cusco,9,1805.6,1309.0,682.43,No
770,1279,V001,Kia,Van,2016,Trujillo,7,413.61,1283.0,1466.39,No
771,1225,v002,KIA,Pickup,2023,Trujillo,24,1815.96,1538.0,193.76,No
772,1122,v001,KIA,SUV,2021,Lima,19,2733.35,2571.0,119.37,SI
773,1120,V002,Kia,SUV,2019,lima,28,,1873.0,1700.34,SI
774,1046,v002,TOYOTA,Pickup,2020,Cusco,21,2794.66,1204.0,1011.48,Sí
775,1124,v002,Toyota,suv,2019,,18,2979.77,619.0,781.04,SI
776,1308,V004,Hyundai,SUV,2011,Cusco,22,2890.13,51.0,925.43,No
777,1032,v001,TOYOTA,Van,2010,Trujillo,10,2369.11,608.0,931.53,SI
778,1100,V001,Kia,Sedan,2012,Cusco,16,2265.63,1197.0,1751.27,Sí
779,1167,V003,KIA,suv,2019,Trujillo,20,3751.58,788.0,475.09,Sí
780,1341,v001,TOYOTA,sedan,2013,Cusco,21,2077.87,2633.0,585.17,Si
781,1146,v002,Toyota,Pickup,2017,Trujillo,17,768.38,1086.0,960.4,SI
782,1212,V004,,Van,2021,Trujillo,12,3251.93,250000.0,1626.63,NO
783,1068,v001,Hyundai,SUV,2024,Cusco,11,1441.03,2269.0,1680.67,No
784,1068,V002,Kia,suv,2020,Cusco,15,1368.76,2292.0,947.15,Si
785,1216,V003,HYUNDAI,Sedan,2017,lima,14,3648.19,740.0,1164.62,SI
786,1182,V004,Hyundai,SUV,2024,lima,15,5880.8,2915.0,435.56,Sí
787,1291,V001,Toyota,sedan,2010,lima,30,5903.6,1725.0,1208.57,Si
788,1208,v001,KIA,Sedan,2019,Lima,17,3414.75,963.0,32.94,Sí
789,1332,V002,TOYOTA,Van,2022,Cusco,5,1840.45,,1261.34,
790,1306,V004,TOYOTA,SUV,2013,Cusco,9,3997.91,1348.0,625.91,Si
791,1205,V002,HYUNDAI,Van,2010,Lima,4,3574.59,,190.76,NO
792,1011,V002,Toyota,Sedan,2014,Arequipa,25,2659.09,1108.0,1509.58,No
793,1242,V004,Kia,Van,2013,Arequipa,6,5833.76,1859.0,767.4,Sí
794,1375,V003,Kia,sedan,2024,Trujillo,4,5104.63,1656.0,1680.87,SI
795,1306,v001,HYUNDAI,Sedan,2018,Trujillo,7,2311.63,708.0,473.51,SI
796,1185,V002,TOYOTA,sedan,2016,Cusco,17,3289.27,1797.0,304.97,NO
797,1016,V003,HYUNDAI,suv,2018,Trujillo,27,3072.76,295.0,688.67,Si
798,1038,v002,Kia,Pickup,2024,Lima,29,543.35,1614.0,1413.75,NO
799,1224,v002,Toyota,sedan,2011,lima,24,3192.36,398.0,1342.8,Sí
800,1200,V002,Kia,Van,2023,Lima,1,5507.3,381.0,774.6,Si
801,1178,V003,TOYOTA,Sedan,2015,Cusco,25,2398.66,1329.0,942.12,No
802,1288,V003,Toyota,Van,2015,lima,23,3360.95,2804.0,1499.4,Si
803,1116,V003,HYUNDAI,Van,2022,Arequipa,3,3435.48,86.0,258.02,Sí
804,1179,V004,TOYOTA,Van,2020,Arequipa,9,3713.3,2542.0,693.5,NO
805,1129,V002,Hyundai,sedan,2013,Trujillo,7,1115.77,1688.0,1793.48,NO
806,1391,v001,Hyundai,SUV,2021,Arequipa,17,2555.47,237.0,449.62,SI
807,1333,V001,TOYOTA,SUV,2080,,5,2513.0,632.0,1201.23,Si
808,1350,v002,HYUNDAI,Sedan,2023,lima,15,3874.39,2802.0,512.41,Si
809,1144,V004,Toyota,sedan,2015,Cusco,2,1972.56,2754.0,1411.58,Si
810,1017,V004,Hyundai,suv,2023,Arequipa,29,2065.41,752.0,1685.12,NO
811,1371,v002,TOYOTA,Sedan,2016,Cusco,27,5715.31,2449.0,1646.56,Sí
812,1302,V001,KIA,sedan,2021,lima,23,2488.81,800.0,1648.86,
813,1292,v002,KIA,SUV,2017,Lima,30,2339.34,1417.0,730.55,SI
814,1394,v002,TOYOTA,Van,2019,Arequipa,30,101.42,2152.0,1413.57,No
815,1330,V002,TOYOTA,,2021,Cusco,3,4370.73,704.0,670.95,Si
816,1054,v001,Toyota,SUV,2012,lima,23,1271.11,2864.0,1471.48,Sí
817,1072,V001,HYUNDAI,Sedan,2015,Cusco,10,2096.42,523.0,102.03,Sí
818,1297,V004,Hyundai,sedan,2023,lima,13,1571.49,655.0,1776.22,Sí
819,1013,V001,Toyota,suv,2024,Cusco,12,4844.63,2088.0,1545.31,Si
820,1218,V002,HYUNDAI,suv,2016,lima,27,2930.37,1034.0,1736.06,Sí
821,1108,V001,TOYOTA,sedan,2011,Cusco,15,4564.38,596.0,568.85,Si
822,1220,V003,Toyota,suv,2024,Cusco,12,3608.08,2673.0,1652.77,Si
823,1231,V004,Kia,Van,2017,Lima,14,2258.39,366.0,1119.17,SI
824,1161,,TOYOTA,SUV,2014,lima,7,593.05,926.0,448.46,NO
825,1334,V001,TOYOTA,sedan,2024,lima,18,3816.98,1406.0,839.03,NO
826,1205,V002,Toyota,Pickup,2011,lima,4,2706.52,917.0,1523.04,NO
827,1147,V003,Kia,sedan,2021,Lima,28,3681.74,1941.0,1278.53,No
828,1125,V004,HYUNDAI,sedan,2023,Lima,2,,499.0,669.5,NO
829,1308,V002,Kia,SUV,2018,Lima,2,4078.11,2307.0,812.83,No
830,1179,V002,Hyundai,Sedan,2020,,10,347.39,2288.0,746.94,Sí
831,1044,v002,KIA,Pickup,2012,lima,10,5690.06,414.0,1041.29,NO
832,1205,V001,Kia,sedan,2025,Cusco,14,2104.27,183.0,996.44,
833,1153,v002,KIA,Van,2016,Arequipa,4,5329.15,1971.0,532.44,NO
834,1138,v002,HYUNDAI,sedan,2022,lima,5,2842.35,1714.0,331.39,Si
835,1383,,HYUNDAI,Pickup,2016,Arequipa,7,937.34,2312.0,695.45,Si
836,1171,V004,Kia,sedan,2024,Cusco,17,3229.47,2431.0,60.97,SI
837,1151,V001,Hyundai,Sedan,2017,Trujillo,23,4118.2,2497.0,1022.66,NO
838,1070,V001,Toyota,Sedan,2011,Lima,28,3506.4,500000.0,967.83,Si
839,1076,v002,HYUNDAI,Pickup,2023,Trujillo,10,2795.17,2145.0,1354.68,Si
840,1340,V003,Toyota,Van,2024,lima,12,268.14,1373.0,958.47,Sí
841,1226,V002,Toyota,SUV,2011,Arequipa,26,1743.81,1710.0,130.32,SI
842,1268,V002,Hyundai,SUV,2022,Cusco,20,3765.36,161.0,449.03,Si
843,1213,V002,Kia,Sedan,2017,Trujillo,24,888.47,710.0,1691.39,No
844,1156,v002,KIA,Sedan,2020,Arequipa,18,5161.02,2272.0,121.92,Sí
845,1220,V001,Kia,suv,2020,Trujillo,28,1995.56,1019.0,1686.39,NO
846,1119,v002,Kia,suv,2011,lima,15,5398.25,2267.0,509.39,NO
847,1350,v001,Toyota,suv,2024,Arequipa,22,1309.19,160.0,1148.73,SI
848,1099,v002,TOYOTA,sedan,2023,Trujillo,4,,731.0,1693.69,No
849,1251,V001,Kia,sedan,2016,Lima,29,1263.6,287.0,1439.55,Sí
850,1252,V004,Hyundai,Pickup,2015,lima,3,2249.06,296.0,1329.95,Sí
851,1259,v002,TOYOTA,Van,2024,Lima,13,5482.52,1855.0,749.81,No
852,1367,v002,Hyundai,sedan,2021,Cusco,15,5944.51,921.0,820.5,NO
853,1316,V001,Kia,sedan,2010,Cusco,13,4005.43,225.0,850.63,No
854,1078,V004,Kia,sedan,2014,lima,14,893.42,125.0,999.28,SI
855,1253,v001,Hyundai,sedan,2017,lima,19,1053.6,279.0,654.67,Sí
856,1395,V002,Kia,Sedan,2014,Trujillo,19,5269.75,99.0,170.49,No
857,1131,V002,TOYOTA,Pickup,2019,Arequipa,27,960.31,537.0,627.27,No
858,1139,V001,Kia,,2013,Trujillo,1,1823.05,1245.0,1386.97,Sí
859,1133,V003,KIA,sedan,2013,Arequipa,16,1377.52,2415.0,958.71,Si
860,1191,v002,TOYOTA,Pickup,2014,Trujillo,15,,1591.0,1535.18,NO
861,1372,V001,KIA,suv,2020,Trujillo,4,5220.7,358.0,1347.54,NO
862,1373,V002,Toyota,sedan,2014,Lima,19,3597.89,1810.0,1147.15,NO
863,1367,v001,KIA,Van,2017,Lima,19,2134.66,1292.0,1531.66,Sí
864,1118,v001,Toyota,Sedan,2017,Trujillo,5,1548.43,1933.0,1163.27,No
865,1175,v001,KIA,Sedan,2015,Lima,11,4023.26,199.0,949.09,SI
866,1133,V003,HYUNDAI,sedan,2012,Lima,6,3960.13,2896.0,1535.96,SI
867,1120,V001,KIA,Pickup,2020,Arequipa,7,2360.5,2153.0,98.07,NO
868,1082,v002,Kia,Pickup,2010,lima,25,2004.09,2988.0,1132.99,Sí
869,1393,V003,HYUNDAI,suv,2014,Lima,30,1652.17,2262.0,1010.14,
870,1251,,KIA,Sedan,2013,lima,30,5856.18,11.0,360.39,Si
871,1352,V004,KIA,Sedan,2024,Arequipa,6,3387.1,1978.0,615.52,No
872,1160,V002,Kia,suv,2011,Arequipa,16,1399.25,2263.0,185.59,Si
873,1354,V001,Toyota,SUV,2014,,19,1088.86,1625.0,482.23,Si
874,1006,,Toyota,suv,2021,lima,22,1365.61,,864.1,SI
875,1355,v002,TOYOTA,Sedan,2021,Cusco,12,719.62,881.0,941.6,NO
876,1238,V002,KIA,Van,2013,Arequipa,22,4444.45,509.0,1451.61,Sí
877,1204,,HYUNDAI,sedan,2017,lima,18,5600.91,1483.0,188.67,SI
878,1149,V004,Hyundai,Pickup,2021,Cusco,17,3827.62,2216.0,1489.18,Sí
879,1166,V002,Hyundai,Sedan,2011,Trujillo,19,3396.38,1169.0,1145.49,NO
880,1231,v001,KIA,suv,2021,Cusco,29,3663.99,124.0,1272.19,Sí
881,1198,V004,HYUNDAI,sedan,2016,,4,2055.33,,1569.16,Sí
882,1388,V004,TOYOTA,Sedan,2018,Cusco,9,745.01,2853.0,1386.36,Si
883,1066,V003,HYUNDAI,Pickup,2024,Trujillo,6,4876.77,1952.0,889.13,NO
884,1354,V001,TOYOTA,sedan,2015,lima,19,1648.25,2590.0,1662.87,SI
885,1239,V001,Toyota,Van,2020,Cusco,5,5208.61,174.0,213.48,Sí
886,1385,V002,Toyota,Sedan,2019,Cusco,13,1303.52,2017.0,1146.24,Sí
887,1238,V004,HYUNDAI,Van,2025,Cusco,19,5827.4,704.0,644.36,Sí
888,1089,v001,KIA,Van,2013,lima,18,1654.25,2531.0,1347.13,NO
889,1017,V001,Hyundai,Sedan,2025,Lima,12,1476.79,2986.0,1171.64,No
890,1205,v002,TOYOTA,sedan,2013,lima,6,2188.34,1131.0,1339.45,Si
891,1012,V004,HYUNDAI,Sedan,2017,Arequipa,9,3945.07,2303.0,1065.97,Sí
892,1062,V003,TOYOTA,Pickup,2024,Lima,9,3987.41,2419.0,1268.47,NO
893,1044,V001,,suv,2025,Lima,22,3566.95,,158.25,SI
894,1324,v001,Toyota,Sedan,2016,Arequipa,6,1183.56,1784.0,1403.52,Sí
895,1243,V001,TOYOTA,suv,2022,Cusco,9,1571.35,2381.0,1121.95,SI
896,1263,V002,KIA,Sedan,2016,Lima,27,1755.93,1127.0,837.38,Sí
897,1034,V004,HYUNDAI,SUV,2025,Lima,8,1277.5,72.0,1020.61,No
898,1096,V001,KIA,Pickup,2024,Lima,4,558.65,550.0,1704.67,No
899,1226,V001,Kia,suv,2020,Trujillo,30,2302.63,640.0,710.83,Si
900,1113,V004,TOYOTA,Van,2017,Arequipa,2,1532.65,2533.0,569.97,No
901,1309,V004,Toyota,suv,2023,lima,24,791.45,2807.0,1443.82,
902,1346,v001,KIA,SUV,2014,Arequipa,17,5467.95,2171.0,469.24,Si
903,1077,V002,Toyota,SUV,2013,Lima,7,3385.67,2075.0,1453.64,Sí
904,1056,v001,TOYOTA,Van,2022,lima,1,1778.97,730.0,1513.25,Si
905,1185,V002,Kia,sedan,2025,lima,6,3838.73,1691.0,648.66,SI
906,1218,V001,HYUNDAI,Van,2014,Cusco,9,5010.45,198.0,1109.73,Sí
907,1155,V004,,Pickup,2010,Trujillo,23,249.41,393.0,1155.21,SI
908,1333,v002,TOYOTA,Pickup,2017,Lima,17,4690.72,483.0,1625.18,Sí
909,1186,v002,HYUNDAI,Van,2024,Trujillo,19,3600.97,2230.0,1171.57,No
910,1131,V004,KIA,sedan,2018,Arequipa,19,4511.78,756.0,1094.84,Si
911,1012,V004,Toyota,Sedan,2012,Arequipa,16,2412.67,85.0,642.77,NO
912,1039,V001,Hyundai,Pickup,2017,lima,14,4446.01,714.0,1495.89,Si
913,1080,V001,Toyota,Van,2018,Arequipa,16,4513.72,1092.0,32.4,Si
914,1331,V003,Kia,SUV,2016,Arequipa,5,3066.31,1591.0,1217.17,NO
915,1015,v001,HYUNDAI,sedan,2013,lima,27,4740.6,877.0,803.56,No
916,1001,v002,Kia,Pickup,2050,Trujillo,22,135.56,1580.0,1240.99,Sí
917,1017,V004,Hyundai,Van,2013,lima,5,193.9,14.0,760.59,Si
918,1196,V003,TOYOTA,,2016,Lima,14,1545.19,2840.0,1055.6,Si
919,1065,v001,Kia,Van,2021,,13,2865.0,79.0,1094.11,SI
920,1101,V003,Hyundai,SUV,2014,Trujillo,14,5299.44,1130.0,1730.93,SI
921,1271,v001,KIA,sedan,2013,Arequipa,28,3008.49,1246.0,864.4,Sí
922,1125,V003,Kia,sedan,2014,lima,14,989.2,347.0,17.96,No
923,1139,v001,Toyota,Sedan,2025,Lima,2,4758.56,1477.0,741.75,Si
924,1352,v002,Hyundai,Van,2023,Lima,23,4880.0,945.0,977.02,SI
925,1197,V002,TOYOTA,sedan,2010,lima,7,4667.56,316.0,1770.58,No
926,1036,V004,Toyota,suv,2021,Arequipa,29,3114.65,683.0,6.11,NO
927,1276,V003,HYUNDAI,Van,2022,lima,20,3275.75,506.0,491.3,Si
928,1129,V001,Hyundai,Sedan,2011,Trujillo,2,5169.08,1143.0,845.13,No
929,1083,v001,Kia,Pickup,2020,lima,1,5971.53,2708.0,1091.87,SI
930,1063,V002,TOYOTA,sedan,2018,Arequipa,10,2322.19,1840.0,1149.37,NO
931,1122,,HYUNDAI,Van,2017,Lima,25,3156.27,1509.0,1759.03,Si
932,1257,V003,HYUNDAI,Van,2013,Trujillo,14,614.84,1888.0,326.79,Sí
933,1359,V003,Hyundai,SUV,2017,Cusco,20,1869.01,1516.0,55.11,No
934,1310,V001,Hyundai,SUV,2025,Arequipa,26,,773.0,1458.29,SI
935,1155,V004,Toyota,SUV,2013,Arequipa,1,3219.62,274.0,41.92,SI
936,1287,v002,KIA,suv,2017,Arequipa,1,89.95,1513.0,1510.11,Si
937,1377,V001,KIA,Van,2012,Arequipa,10,673.44,133.0,1348.42,Sí
938,1272,V003,Hyundai,SUV,2019,Lima,10,5084.82,2887.0,833.5,Si
939,1237,V004,TOYOTA,suv,2013,lima,6,5449.32,728.0,1370.34,Sí
940,1175,V004,TOYOTA,suv,2012,Trujillo,27,5055.37,658.0,1425.33,No
941,1385,v001,HYUNDAI,SUV,2018,Lima,17,3632.95,2765.0,801.12,Sí
942,1355,V004,HYUNDAI,Pickup,2021,Lima,17,2823.51,1311.0,809.24,No
943,1118,v002,Kia,SUV,2024,lima,5,3532.36,624.0,1600.94,Si
944,1220,,Toyota,Pickup,2010,Arequipa,3,2141.57,49.0,90.4,Sí
945,1356,V004,TOYOTA,Van,2022,Trujillo,16,4024.84,2307.0,332.46,SI
946,1058,v001,Kia,Sedan,2014,lima,8,4086.77,1316.0,372.56,Si
947,1242,v001,KIA,Van,2015,Trujillo,28,5014.73,2101.0,1464.39,NO
948,1299,V003,Toyota,suv,2023,Arequipa,29,4163.54,2319.0,117.37,SI
949,1129,V001,Hyundai,SUV,2022,Trujillo,14,2176.46,617.0,507.43,Sí
950,1339,V002,Hyundai,Sedan,2019,Trujillo,12,2003.85,91.0,1580.54,Sí
951,1130,V002,Toyota,Pickup,2017,lima,9,2472.52,2113.0,531.97,SI
952,1100,V003,Toyota,Sedan,2011,Arequipa,27,2586.26,743.0,754.27,NO
953,1168,V003,Kia,Pickup,2014,Cusco,10,4170.4,1283.0,1509.35,NO
954,1204,v002,KIA,sedan,2021,Lima,1,4032.95,2017.0,1045.3,No
955,1366,v002,HYUNDAI,Pickup,2015,Trujillo,11,1617.33,2948.0,36.75,NO
956,1358,V001,KIA,sedan,2012,lima,21,1340.88,2902.0,1576.25,Sí
957,1065,V004,TOYOTA,SUV,2024,Arequipa,1,3059.6,2573.0,1790.32,Si
958,1165,V003,Hyundai,suv,2025,Trujillo,5,1791.89,41.0,465.33,No
959,1386,V004,TOYOTA,sedan,2022,Lima,8,675.67,639.0,18.06,SI
960,1060,V003,Kia,SUV,2018,lima,3,3894.97,1269.0,553.75,Si
961,1343,v002,KIA,suv,2020,lima,1,2090.92,2463.0,1255.75,NO
962,1050,V004,HYUNDAI,SUV,2011,Lima,20,3816.4,1443.0,1509.23,Sí
963,1046,V002,TOYOTA,Van,2025,Cusco,9,5449.68,445.0,630.11,Si
964,1081,V004,TOYOTA,SUV,2017,lima,11,3702.56,139.0,1309.67,No
965,1311,V004,HYUNDAI,sedan,2021,Cusco,16,2138.26,2560.0,1382.58,Si
966,1349,v001,HYUNDAI,SUV,2025,Lima,24,1852.3,1991.0,521.1,Si
967,1228,V001,KIA,Pickup,2024,Lima,28,1017.65,1866.0,1621.7,Si
968,1159,v001,Toyota,suv,2019,Lima,4,2958.58,163.0,1059.44,NO
969,1087,V004,HYUNDAI,SUV,2022,Cusco,8,2853.19,108.0,1059.74,Si
970,1357,v002,Kia,Sedan,2014,Arequipa,15,2250.88,715.0,1013.24,No
971,1051,v001,Hyundai,Van,2025,Trujillo,29,1398.21,1627.0,1646.14,No
972,1037,V004,KIA,Pickup,2015,Trujillo,2,3104.57,2889.0,868.08,SI
973,1368,V002,HYUNDAI,SUV,2024,lima,7,1839.22,2394.0,735.98,SI
974,1324,v001,KIA,suv,2016,,7,2683.44,1630.0,330.29,Si
975,1384,V002,Kia,SUV,2015,lima,16,1622.16,1450.0,917.68,Sí
976,1268,V001,TOYOTA,Van,2012,lima,15,5728.57,2567.0,138.29,Si
977,1285,V004,Kia,SUV,2014,lima,6,4596.43,1862.0,591.72,Sí
978,1033,v002,Hyundai,Pickup,2012,Lima,4,1244.44,1206.0,15.67,NO
979,1211,V003,TOYOTA,sedan,2011,Trujillo,12,5715.1,211.0,674.27,Si
980,1341,V002,Kia,suv,2018,Lima,6,5214.02,376.0,684.92,Sí
981,1126,V002,Toyota,SUV,2023,Arequipa,20,5475.55,384.0,1674.28,SI
982,1202,V002,Kia,Van,2025,Lima,24,1988.77,43.0,46.04,Sí
983,1015,v002,KIA,sedan,2015,Lima,3,4480.09,2762.0,1338.06,NO
984,1328,v001,Kia,SUV,2018,Arequipa,27,3906.77,,539.69,Sí
985,1045,v002,Hyundai,Van,2020,Lima,27,2616.49,850.0,45.19,NO
986,1059,V004,Toyota,Sedan,2018,Lima,20,3493.86,1920.0,707.03,Si
987,1281,V002,Toyota,Van,2015,Lima,28,4657.94,1361.0,927.26,No
988,1212,V002,TOYOTA,Sedan,2015,Trujillo,5,1694.12,1987.0,89.71,Sí
989,1217,V003,KIA,Pickup,2019,Arequipa,15,3872.34,1757.0,429.61,No
990,1367,v001,KIA,sedan,2018,Arequipa,11,4327.29,2159.0,1696.59,NO
991,1011,v002,KIA,Pickup,2016,Arequipa,14,,694.0,645.36,Sí
992,1373,V003,Toyota,Sedan,2024,Trujillo,19,5790.04,2101.0,809.1,SI
993,1092,V002,Toyota,SUV,2024,Lima,26,138.09,682.0,1724.29,No
994,1353,v002,HYUNDAI,sedan,2012,Arequipa,29,708.83,2892.0,1530.88,Sí
995,1149,V004,Kia,SUV,2023,lima,21,2969.92,416.0,1247.17,NO
996,1380,,Hyundai,Van,2022,Trujillo,4,1281.97,2544.0,994.28,SI
997,1257,V003,HYUNDAI,SUV,2024,Lima,22,1595.1,1824.0,1698.03,NO
998,1232,v002,Hyundai,,2018,Arequipa,13,4011.71,2757.0,1166.52,Sí
999,1326,v002,TOYOTA,sedan,2022,Arequipa,13,,2264.0,754.04,Si
1000,1063,v001,Hyundai,suv,2012,lima,23,466.81,372.0,1308.93,Si
205,1083,V001,Hyundai,suv,2025,Trujillo,19,5520.96,108.0,600.94,Si
72,1384,V004,Toyota,,2014,lima,15,933.43,388.0,633.88,NO
595,1168,V001,Toyota,Van,2025,Trujillo,3,5747.06,623.0,1027.65,No
673,1232,V001,Kia,,2011,Cusco,25,3410.35,2798.0,127.56,
15,1073,V001,HYUNDAI,sedan,2012,Arequipa,21,1672.35,1900.0,469.93,SI
65,1057,v001,Toyota,Van,2014,,25,3194.49,227.0,52.69,No
341,1100,V003,Kia,,2022,Lima,15,2936.42,2866.0,1300.11,SI
136,1387,v002,,SUV,2019,lima,15,865.58,2181.0,1003.23,NO
351,1063,V004,KIA,sedan,2025,Trujillo,7,1116.33,2078.0,88.54,SI
977,1285,V004,Kia,SUV,2014,lima,6,4596.43,1862.0,591.72,Sí
182,1186,V001,HYUNDAI,sedan,2023,Trujillo,4,4394.12,1849.0,426.7,SI
539,1323,V004,Kia,Pickup,2015,Lima,10,4464.81,1031.0,15.64,Si
247,1384,V002,TOYOTA,Pickup,2017,Lima,19,641.93,1330.0,1059.03,SI
983,1015,v002,KIA,sedan,2015,Lima,3,4480.09,2762.0,1338.06,NO
367,1220,v002,Kia,SUV,2023,Lima,29,2744.38,2879.0,967.66,
633,1047,V002,Kia,Sedan,2010,Arequipa,22,1509.97,1378.0,16.95,No
349,1216,V003,KIA,suv,2012,Lima,5,591.65,855.0,999.19,Sí
177,1180,V004,Kia,Van,2016,Cusco,19,2354.38,2608.0,131.46,Sí
645,1380,V003,Toyota,sedan,2018,Lima,12,4846.75,1696.0,1232.88,SI
43,1031,V004,Kia,sedan,2024,,20,1480.5,1600.0,1669.85,Sí
